,Search AD,Membership,Direct Volumn,Search Volumn,Referral Volumn,Number of Ads,Display AD,Seller Community,Membership_Fee,Total_Volumn,Total_AD_Revenue
0,-1.1479786429064416,-2.4733268870526435,-1.3319347994491595,-0.4550874909167029,-1.232010060246195,0.7163226954220699,0.492193267804903,-0.47138797727813364,-2.473326298312311,-1.487345168990401,-0.07313505172399731
1,-2.360620812806851,-2.149006392473573,-1.1607070254407812,0.24728774530973205,-0.9718587272215151,0.7163226954220699,0.492193267804903,-0.314542137946551,-2.149005930306006,-0.9808799992626668,-0.605900336299719
2,-2.3186391886611695,-1.791525947077191,-1.2183963147415215,0.29831093617724547,-0.9900878155631915,0.7163226954220699,0.492193267804903,3.9014982340229554,-1.7915256244237445,-0.99583866960824,-0.5874560231378554
3,-0.6616855836474905,-1.2682457475942517,1.1630891705111799,0.6247851342406375,-0.36219622739720436,0.7163226954220699,0.492193267804903,-0.18543982633129769,-1.2682456291617012,0.4976282638251635,0.14051417352484163
4,-0.5091405234418965,-1.2070481147850671,1.2253213545101762,0.8751720699787073,-0.25123986285292715,0.7163226954220699,0.492193267804903,2.363832356591155,-1.2070480202361558,0.6899421127233751,0.20753370692745154
5,-0.33368098613218566,-1.0803393596294868,1.2375790904630712,1.235600785314774,-0.17267656756908625,-0.7101030980123544,-0.7458211917074964,-0.07651415788789696,-1.0803393145312818,0.8848153567621887,-0.8000297630840166
6,-0.2440216395412447,-0.8978248335862359,1.2702524857225852,1.5689488424965352,-0.13930089587719735,-0.7101030980123544,-0.7458211917074964,-0.23684749617699385,-0.897824859718091,1.0494783301731285,-0.7606385984956048
7,0.03316745404335799,-0.5880623661952532,1.2557376374296503,2.4336797738264275,0.017950031026274613,-0.7101030980123544,-0.7458211917074964,-0.4556479104070149,-0.5880625132183034,1.4796587713053528,-0.6388576395363634
8,-1.0466275125393418,-0.6764889017080837,-1.1342889068742181,2.2621525660207715,-0.31344429551260167,-0.7101030980123544,-0.7458211917074964,-0.4080427261425046,-0.6764890142208537,0.22694924232826266,-1.1132574970822293
9,-1.781510915788819,-0.8980944266823115,-1.1633316352865317,1.5070213479223908,-0.6149098298906601,-0.7101030980123544,-0.8938352916790263,-0.4793161700085866,-0.8980944527089524,-0.2674395165773163,-1.5658012764963847
10,0.19766052390017821,-0.6646268054807528,0.933132167451858,2.575760449775664,0.006103541255158671,-0.32740349489580156,-0.4197288013952092,-0.47161649698550323,-0.6646269226229506,1.395661646492507,-0.2808924879233846
11,0.10743748038408865,-0.3950337094050499,0.7343811759944953,2.5644577405782503,-0.018017707888128134,-0.32740349489580156,-0.4197288013952092,-0.3119604828741054,-0.39503393176151663,1.2947761486487135,-0.3205313085476788
12,0.055537943905023854,-0.5300998505389771,0.9295588406410098,2.418826889673477,-0.06426564412140161,-0.11865825683222726,-0.260856486044748,3.9631831144919754,-0.5301000201830951,1.2891484727839981,-0.20414163098495205
13,-0.010051938175726511,-0.5338741538840369,1.0844890124989621,2.433851688524505,-0.06000021704637881,-0.11865825683222726,-0.16707218412630373,-0.19647362247226438,-0.5338743220551552,1.3612252735292953,-0.1507916716468106
14,-0.0831906287296205,-0.6926644874726259,0.99955799320042,1.9860875777603302,-0.16319074128443029,0.26404134628432563,0.27613593284819715,1.8751985482560585,-0.6926645936725397,1.0870802708102427,0.2053792726013146
15,-1.6164580909433897,-0.9614488042601017,-1.1495205056215538,1.2249311588150427,-0.6179405280755448,0.7511135684326656,0.38520831737007377,-0.3260690013840494,-0.9614488055613893,-0.37416757684524915,-0.37268974793695997
16,-2.014857791181096,-0.9652231076051616,-1.1533205862125215,1.0957440852216198,-0.8692639812591247,0.7511135684326656,0.38520831737007377,-0.10845647788512965,-0.9652231074334494,-0.5819286690126994,-0.5477236820524588
17,0.03928533955266291,-0.34030631090168223,1.0410643604234386,2.414613615168212,-0.08515414853414482,3.1168929331531743,2.3835904104577392,-0.4460953748917457,-0.34030655461664555,1.3203038166383931,2.105573029650175
18,0.05162754285783926,-0.365917655028874,1.0732243017210727,2.321984338561209,-0.04976146517277146,3.1168929331531743,2.3835904104577392,-0.39618852366472007,-0.3659178887484818,1.3191160605810794,2.1109954845337238
19,0.0950282641577408,-0.36915277218178244,1.1185255368044817,2.250549688302905,0.028895082362912054,1.6208853936975585,1.3270265543093005,-0.4787891335663649,-0.369153004638819,1.358406090160136,1.2043856204219126
20,0.079737492321018,-0.3481245106878776,1.1109722901977432,2.136068143406938,0.07801138878712191,1.9687941238035156,1.7693985116068875,-0.47262630704374453,-0.3481247513516271,1.3408634356646736,1.5852390389595101
21,0.01828270167020375,-0.5322565953075827,1.1592890899202122,1.9183859323745667,0.07889383139252136,1.8296306317611328,1.5452760904047713,-0.36157499357458617,-0.5322567641099866,1.2759452438840675,1.3618810043599288
22,-1.4687300771890655,-0.7643762510287629,-1.0038924514790772,1.2813628406601691,-0.5276930710145361,3.15168380616377,3.165372034056665,1.936058904916056,-0.7643763292416812,-0.236454157613212,2.127972911944592
23,-1.9010580252222533,-0.8401319110260355,-0.8773899058252985,1.2952797447902535,-0.669030673830423,3.15168380616377,3.165372034056665,-0.35373120902433275,-0.8401319596737441,-0.26661204296043,1.9380328554456039
24,1.1235425782980775,-0.1718106258543679,1.351070660595512,2.423359434332314,0.06233119532914337,2.2819119808988773,1.9439147221892552,2.2410246306090773,-0.17181093532824934,1.54219503644717,2.196724305737987
25,0.16111088830592873,-0.038901229489046375,1.2792444459687025,2.220898496091631,0.04231649905403641,2.2819119808988773,1.9439147221892552,-0.02131120803737348,-0.03890159083356241,1.4210225368539768,1.7738871276069723
26,0.302374126135472,-0.018951340379444362,1.1957964485194474,2.035642671682356,-0.00351870962015591,1.1686040445598143,1.0128716776823157,-0.0755269939267824,-0.018951709509816297,1.2858385783164528,1.0202438325112737
27,0.2754822350629989,-0.008706802728567652,1.3097180689245287,1.9735650928479855,-0.004689543448846378,1.1686040445598143,1.095532881487298,-0.44845674520123147,-0.008707175857081808,1.307521808158428,1.0808502868868057
28,0.13048598333054862,-0.1815159773130932,1.343775444152358,1.738776004954536,-0.00038957850277076644,2.42107547294126,2.0620227707375465,-0.36995713761562465,-0.18151628299926098,1.2321682546537551,1.8639092307199927
29,-1.489515908561852,-0.6368587165849554,-0.8387870295339247,0.9412773645966083,-0.6157767304540859,4.195409996481642,3.838792898390662,-0.47921735067567006,-0.6368588445642229,-0.3564998391286295,2.708838887013985
30,-1.9726357089065052,-0.743347989534858,-0.9447566294430919,0.7761273734482085,-0.7254033869628296,0.26404134628432563,-0.17196460776782108,-0.474736511548734,-0.7433480759544893,-0.5325368329659955,-1.0173245544554588
31,0.24249216816391847,-0.00762843034426484,1.2963343831669023,2.1897901221537954,0.053643193865807466,0.26404134628432563,-0.17196460776782108,-0.33971945111120294,-0.007628803893636072,1.422857090764283,-0.044124658317952585
32,0.3375637936235938,0.04925571292770847,1.0449947592788427,2.0848048177230623,0.020200173325365584,0.40320483832670845,0.10261402088873184,3.8274249090575703,0.04925531717812649,1.2579268455132635,0.23820841816904095
33,0.44457948679795584,-0.010054768208946166,1.099178487266242,2.120265635207464,0.14895044903605364,0.36841396531611276,0.11427676815537928,-0.17447911532196722,-0.010055140811388977,1.3737517701301445,0.2954429403637139
34,0.4297972247748286,-0.7756991610639424,1.0991810936315307,1.8815334244771569,0.22795064838871268,-0.36219436790639725,-0.2983235558230591,2.2529467713782423,-0.7756992348578614,1.3291302018851807,-0.07253929174956716
35,0.41138838113536086,-0.3119990358137334,1.169930879394095,1.6798283651470687,0.21914867195090248,1.5165127746657714,0.9798384286021555,-0.03796329500186812,-0.311999290576195,1.2736777095928324,1.0391973126280283
36,-1.2663549971876444,-0.7077617008528653,-1.1383809003775236,0.9403795878399813,-0.34530548155882457,1.5165127746657714,0.9798384286021555,-0.13229973005540777,-0.70776180116078,-0.31229628404155013,0.30209328426432946
37,-1.7811955608656589,-0.7692289267581256,-1.147995781927647,0.7327994119232123,-0.4601473565965436,0.2292504732737299,0.17585607372327774,-0.45915599672555346,-0.769229003077187,-0.46866207044906005,-0.6284837957955594
38,0.4429120476417471,-0.105490724219745,1.1760975396672293,2.052487583289221,0.44775484044949265,0.2292504732737299,0.17585607372327774,-0.4802271607339113,-0.1054910595763366,1.5637328704081417,0.34866127831215565
39,0.40852653520768345,-0.09740293133747391,1.2030708140402917,1.8814188146784385,0.39808592808843773,-0.396985240916993,-0.37799000333838534,-0.4786048766851975,-0.09740326985049358,1.4770266782242494,-0.15168184788767425
40,0.42274904224220156,-0.14970399197616027,1.1999900902690133,1.9839973133360862,0.3950310533938161,0.09008698123134704,-0.08019460067390459,-0.471956188442404,-0.14970431007761176,1.514059864385674,0.11547147227408605
41,0.45174592742676795,-0.34138468328598504,1.348662379068726,1.8510444892133464,0.29482805500183323,-0.2230308758640144,-0.217395950213475,-0.35419030717517436,-0.3413849265800913,1.4609208771410547,0.00800607130507602
42,0.2573611527909147,-0.44706517694766057,1.2106892197792483,1.399615593694916,0.38993153673286784,0.05529610822075132,-0.07463601672241094,3.522911075939032,-0.44706537899777343,1.2863431875505231,0.04767952913718589
43,-1.5237595112804936,-0.779743057505078,-1.485147376581839,0.6278959716344211,-0.29178559657538067,0.05529610822075132,-0.07463601672241094,-0.17457587591878138,-0.7797431297207829,-0.543825326403596,-0.7348425379748577
44,-1.9377062092299904,-0.8344704560084456,-1.4348575583358019,0.4853841445376253,-0.4674089439853982,-0.11865825683222726,-0.18139957263285636,2.084246729568875,-0.8344705068656539,-0.6877554886358839,-1.0102447091779283
45,0.3796045468173676,0.03874158218075606,1.3804105146507408,1.6494977005576787,0.3536598645532003,-0.11865825683222726,-0.18139957263285636,-0.23396629500164487,0.03874119053453057,1.4314033751226674,0.007848472009514558
46,1.6608915996166402,0.11854113861916413,1.477080603209721,1.5557114107445666,0.4222296268479088,-0.4317761139275887,-0.3723365360192986,-0.26843365482850634,0.11854071582951502,1.4767626136462506,0.403488514563637
47,0.9258544608421228,0.172190164738229,1.4974884434204736,1.5550510399995705,0.3747469617244972,0.2988322192949213,0.524421984997347,-0.4509364928366068,0.17218972101094038,1.4554792224770345,0.8662242923775638
48,2.2808439011204378,0.14603963441888582,1.4831977425423692,1.585035146388074,0.26491825867009444,-0.36219436790639725,-0.39748062843146054,-0.4333487103135583,0.1460392008973813,1.3933716613667053,0.6538306659120443
49,1.6477649509401033,-0.038901229489046375,1.549579260081023,1.4698959595518422,0.26085660503428326,-0.32740349489580156,-0.0750550849292803,-0.4781756302078411,-0.03890159083356241,1.3729766817939137,0.6581759036325247
50,-1.2280906191987122,-0.5532848568014875,-0.9954113388295512,0.6786762988808409,-0.4936836293888281,-0.32740349489580156,-0.0750550849292803,-0.4723648475587361,-0.5532850173971784,-0.44804044435588103,-0.6053097719064612
51,-1.7181245762336494,-0.5759306768718465,-0.9971367526506902,0.5904212962582546,-0.6481905224371538,-0.46656698693818444,-0.4422695314090364,-0.35760060352884754,-0.5759308286295388,-0.5789769188108607,-1.1423267737415608
52,0.4563067480029701,0.2188297703593256,1.4868805366953441,1.9218842600402075,0.2161145199789126,-0.46656698693818444,-0.4422695314090364,2.385168068188675,0.21882930842996845,1.496639085849288,-0.1870066042785222
53,0.4803998641323977,0.22395203918476395,1.4834922618199957,1.7806495135577016,0.15945686941032033,-0.5709396059699715,-0.5142860074121719,-0.2799975755158484,0.2239515752563357,1.4048408305681996,-0.23951661132713278
54,0.6423030816827661,0.209394011996676,1.499200825415169,1.7951667547286918,0.18005525570621989,-0.46656698693818444,-0.6411055351476013,1.2205050271629598,0.20939355374981825,1.4297238388796072,-0.27949487658802086
55,0.6248403028127785,0.0975128771252593,1.513447218083365,1.65523637690779,0.14267491786575695,-0.32740349489580156,-0.37097258761014834,-0.0326919012115994,0.09751246254232317,1.3576042746398973,-0.05049790455604252
56,0.558643362504945,-0.08230571795723454,1.5737819681521659,1.4648340267751154,-0.009101756475843641,-0.014285637800440112,-0.24611793627862535,-0.1741054547193764,-0.08230606236225328,1.2137949192793256,0.029806729904281497
57,-1.3835448285704575,-0.5406139812859295,-0.990441000223944,0.7677881461890834,-0.6239518445322875,-1.2319661931712902,-1.2854110427883016,-0.45209967873447904,-0.540614146826691,-0.4917361829468092,-1.7340255355553158
58,-1.8577519103992999,-0.5751218975836194,-1.0146541337562418,0.598580422405108,-0.7543927490310108,-1.2319661931712902,-1.2854110427883016,-0.43089057940725844,-0.5751220496569546,-0.6487134873244211,-1.942364876846007
59,0.6977700707300789,0.23096145968273224,1.6156740774379164,1.8467820962229167,0.06360564277099229,0.15966872725253847,-0.10729170906902376,-0.4785472320743295,0.23096099301873296,1.4256292342895884,0.2125595657815105
60,0.7156585787463327,0.1816259231008786,1.5053961557064792,1.6842053679362168,-0.023799347502369558,0.7163226954220699,0.4905130415037759,-0.4748693000273406,0.18162547569109055,1.2625902045789719,0.7441679676161876
61,0.6562457112229797,0.1805475507165758,1.681516077361803,1.4801944686081048,0.001926185751320557,-0.8492665900547373,-0.9122031302555836,-0.3823527876883479,0.18054710372764482,1.270830729952305,-0.5108835478196737
62,0.7514789560807745,0.06543129869225064,1.759910332516211,1.5190117159121146,-0.03369962823965931,-0.7796848440335459,-0.9725726728866705,3.2725162681130886,0.06543089662981252,1.2961392350331193,-0.5219345489732748
63,0.6375885255815233,-0.007898023440340542,1.91513502365179,1.510465099493404,-0.05343111397213318,0.05529610822075132,-0.29310497060544055,-0.19678963846398717,-0.007898396884497507,1.3442460280727206,0.023324376461572083
64,-1.2236993018937086,-0.5101499614293751,-0.48636734701835477,0.7214967027257987,-0.5514309497891366,0.05529610822075132,-0.29310497060544055,1.9607832961381737,-0.5101501388593489,-0.25821329265776966,-0.7944185354178723
65,-1.7154125238944729,-0.593723821212843,-0.5164917170254912,0.6172154299157642,-0.7050105009996943,-0.7101030980123544,-0.8866043883737049,-0.06010088431128406,-0.5937239660263934,-0.4065031931454354,-1.530426296154204
66,0.7774326662568464,-0.3443502073428178,1.9963676106056247,1.9205662473549465,0.026289199991977073,-0.7101030980123544,-0.8866043883737049,-0.20077432219023794,-0.34435044947956706,1.5875884857662834,-0.43521337176509123
67,0.7363064423402367,0.3463473048031331,2.04243511708392,1.7339296477515889,0.030824022461211836,-0.4317761139275887,-0.43163864076496355,-0.45396489364327947,0.3463467931074267,1.5361717982591367,-0.05467688367900748
68,0.69807754178016,0.3123785746975945,2.053228075744549,1.5940156427590755,-0.02724277324633533,-0.7101030980123544,-0.5757427552969293,-0.4772080242396996,0.31237807625888603,1.4498355103019145,-0.19772508823709248
69,0.771161045222501,0.28191455484104005,1.935508981113789,1.587791239166777,-0.04896018656434613,-0.4317761139275887,-0.5417231145411662,-0.4797382109095845,0.281914068291544,1.3856656796735312,-0.13581107926651767
70,0.6957951605237891,0.1554753927815354,2.031157374479587,1.4051305080570533,-0.032021087706492445,-0.11865825683222726,-0.27324271898929253,-0.4737802286291558,0.15547495557753147,1.3638231558148688,0.06629876019851876
71,-1.1760964762426993,-0.34354142805459065,-0.364548439788423,0.6164104325200044,-0.5630943888436727,-0.11865825683222726,-0.27324271898929253,-0.3652138096356289,-0.34354167050698275,-0.25663638880130024,-0.7561028561321381
72,-1.6601623413568327,-0.32601787680967,-0.42531845286044184,0.5397392059821648,-0.6880420449514457,-0.11865825683222726,-0.23781959508788197,3.078684205333323,-0.32601812610098957,-0.3889541241258111,-0.9377386420573106
73,0.9137448317927769,0.5000153695662838,1.6770670118139415,1.7878098971728666,-0.04756312968025971,-0.11865825683222726,-0.23781959508788197,-0.23355043030895425,0.500014797898444,1.3588850412975586,0.19308825940791127
74,0.9611702702995085,0.5563603266461057,1.8092879229111931,1.671500053106869,-0.010429737617824423,-0.46656698693818444,-0.5555207375786576,1.8442948606225011,0.5563597329884837,1.3905407180365825,-0.06442033023756563
75,0.8692719037541312,0.6895393161075029,1.6022434771050929,1.4986384597875637,-0.07058780141761961,-0.2230308758640144,0.15284290360831004,-0.23111288676367867,0.6895386704740322,1.2006483520094917,0.5158169795099722
76,0.7500204395611593,0.6420909311981792,1.2996757434670536,1.3562221408563664,-0.12195943082157835,-0.2230308758640144,-0.1572082673702748,-0.34364340212243205,0.6420903040824197,0.9889412583951068,0.19178243667325914
77,0.7279968401149695,0.38004644181259595,1.6099009783233804,1.1511333636593557,-0.10122116614791489,0.1944596002631342,0.28065870670346654,-0.46657876974286017,0.3800459169651059,1.0486797219149708,0.5657309278327955
78,-1.168062809575197,-0.1149264825823946,-0.8006063844193251,0.4107622503530589,-0.6040321274025757,0.1944596002631342,0.28065870670346654,-0.4464505068694147,-0.11492681425648678,-0.5414123962313577,-0.267288724553766
79,-1.6328447211380936,-0.2068577283442093,-0.8010755301712964,0.4313456244419269,-0.7678038043608194,-0.4317761139275887,-0.7334863539203981,-0.4791051495580877,-0.20685802414023577,-0.6349286749004774,-1.3600008425385848
80,1.0537584757392984,0.6283416832983183,1.9869038982422476,1.7146970320047585,-0.05384211463766169,-0.4317761139275887,-0.7334863539203981,-0.4738378732400238,0.6283410615484866,1.4534436801429886,-0.1796617843612017
81,1.1824902973097693,-0.12247508927251428,2.319330152627973,1.6234267001539873,-0.041106274686935736,-0.4317761139275887,-0.5579323565049813,-0.3733591990248881,-0.12247541800060693,1.5619261127692037,0.030702101726317505
82,1.1841064912909645,0.30348200252709634,2.351964452408156,1.4861214324846819,-0.06953785013761399,-0.15344912984282297,-0.11506423826435558,2.7818968088072,0.3034815075604587,1.5039174325983347,0.4194181664380803
83,1.1701126165757374,0.19348801932820953,2.194177704193756,1.5195438328347355,-0.15051361571449412,0.05529610822075132,-0.07001440602589878,-0.2692128864432756,0.19348756728899366,1.4021595594685214,0.4527391603567896
84,0.7700494191183618,-0.19176051496396992,2.1145923401023983,1.0844850368999084,-0.29395975555815546,0.4379957113373042,0.4611841972333949,1.2508435917364005,-0.19176081665199546,1.1102634302187442,0.7423685646701617
85,-1.1453730228538317,-0.6325452270477442,-0.8556241492991178,0.39341250987088705,-0.7688174908762195,0.4379957113373042,0.4611841972333949,-0.35562215813441356,-0.63254535671044,-0.6727925419408695,-0.09915798595593737
86,-1.6051447330750228,-0.5929150419246159,-0.5276808432100073,0.1930663952970306,-0.9156707916992411,0.09008698123134704,-0.0012239645209274602,-0.2405943958834141,-0.5929151870538092,-0.7076811388574957,-0.7062806964100263
87,1.0069755728885055,0.21748180487894708,1.9761291841386395,1.4381572317210556,-0.2538353838625463,0.09008698123134704,-0.0012239645209274602,-0.45941230937030586,0.21748134347566128,1.2168696145276008,0.44133485968346836
88,0.9823739469454822,0.17111179235392618,1.9713308656420885,1.5837498793595897,-0.21971196726236392,-0.2926126218852058,-0.3438122236366338,-0.46436768716885174,0.17111134904749464,1.2930666779595645,0.1303775946575752
89,0.9289134035967752,0.07244071919021892,2.0690904148917575,-0.2457254055103369,-0.35161727749372673,0.4727865843478999,0.49384977326413193,-0.47970321239584324,0.07244031439220981,0.5347565987616566,0.8407832632369276
90,1.1013691852633867,-0.12139671688821146,2.1386178153339075,-0.4213594644367336,-0.3849791340371945,1.064231425528027,1.1533287127724232,-0.47529751713664575,-0.1213970460371612,0.4738122046993535,1.4943336870471893
91,0.4947642808823379,-0.7457743273995394,1.9995968971983606,-0.8103805957482954,-0.5032195355865107,2.8385659490684088,2.940988683593668,-0.4048856543294302,-0.7457744128722422,0.19117757925201348,2.794032563357496
92,-2.157417926132135,-1.9209306331935283,-0.9513767972764651,-1.518210712632777,-1.17988895904039,-1.2319661931712902,-1.3051784110368565,1.1712569714887113,-1.9209302600372329,-1.7154884116823188,-2.0913395076613592
93,-1.9960705216338361,-1.0851920353588493,-0.9620602885949676,-1.320860825653986,-1.0903080828907008,-1.2319661931712902,-1.3051784110368565,-0.4055166569448246,-1.0851919883667875,-1.5870952960575364,-2.020452730006126
94,0.32163048613093237,-0.3219739803685344,1.643194688521612,-0.9797411325972285,-0.7288623547487691,-0.5361487329593758,-0.7158736288109355,1.5190969058828616,-0.32197423123806806,-0.16105570243940598,-0.4858858749390786
95,1.1391092856925653,0.31076101612114027,1.7683784133392937,-0.31306684867155715,-0.2664296185419557,-0.5361487329593758,-0.7158736288109355,-0.20534986317788576,0.3107605183137174,0.43776471708414216,-0.12673266709802106
96,0.8948432460858715,0.2889239753390084,1.8004445254865336,-0.3116178533591895,-0.2805055278895309,-0.8492665900547373,-0.9944353821695723,-0.20003832403361968,0.28892348605394125,0.44277125319251265,-0.4781028943428894
97,0.7287379241843955,0.2007670329222535,1.7628450998313208,-0.34551506573250496,-0.3755416607720125,-0.7448939710229502,-0.7515734958678258,-0.45898820973320553,0.20076657804225237,0.35523331104229267,-0.33830365987791766
98,0.645208288912378,-0.00951558201679476,1.85020264521367,-0.48270026599362925,-0.44367106521079763,-0.1882400028534187,-0.37087375076890555,-0.39200002506432885,-0.00951595482966611,0.29514204869352356,-0.04146278889731556
99,-1.4696919097047034,-0.38964184748353586,-0.92968141261308,-0.95000261863455,-0.9014653653352179,-0.1882400028534187,-0.37087375076890555,-0.48006349121376823,-0.38964207194428796,-1.3116107268760049,-0.9706284027387144
100,-1.9065530847583172,-0.5476234017838978,-0.9466957652179067,-1.154272754412144,-1.04378729747611,-0.396985240916993,-0.5227069062860563,-0.47768565101546306,-0.5476235645890882,-1.4867272364961368,-1.2955842953033252
101,0.5508028507278784,0.13956940011306895,1.9009642155769673,-0.4009643778743315,-0.4633628323915608,-0.396985240916993,-0.5227069062860563,-0.41375983629894914,0.13956896911670685,0.33579516465698594,-0.2159633100124526
102,0.4716251133954694,0.0883467118586854,1.9032265406475846,-0.4832787725966837,-0.4438610235015881,-0.4317761139275887,-0.6681334577538505,1.686347597476119,0.08834630085303441,0.3165473158218159,-0.37816069491145077
103,0.47244503619568556,0.10856619406436312,1.7844909635542199,-0.4599011024628733,-0.5579758763536453,-0.396985240916993,-0.2510834991826624,-0.3901152521625554,0.10856577516764196,0.2063564815938122,-0.012414294562673565
104,0.43595847158606804,0.010703900188882958,1.7018170565957176,-0.43212732790679503,-0.43831942209116376,-0.1882400028534187,-0.34167734786578985,0.8772591623813791,0.010703519484941436,0.2574032648742888,-0.10781555604947313
105,0.39180484040712193,-0.16776672941323237,1.5228796540632772,-0.46595086255236295,-0.41593197407472837,0.4727865843478999,0.314741603037625,-0.3347434859516327,-0.16776704046532784,0.18461445194701964,0.44788821940219997
106,-1.7011624233041782,-0.6953604184333829,-0.8139874638116628,-1.0169947747901524,-0.7451106961855665,0.4727865843478999,0.314741603037625,-0.28272128337936164,-0.6953605235811541,-1.1936048640440746,-0.4716413232248694
107,-2.174387962934685,-0.8546899382141234,-0.7349885319102692,-1.2510934750865608,-0.9588379498346035,-0.1882400028534187,-0.4323067778117647,-0.470395666476763,-0.8546899811802615,-1.3852302206822413,-1.3340541101638392
108,0.22923937751811746,-0.18394231517777454,1.5605051433713772,-0.5042168913006323,-0.07525041400974979,-0.1882400028534187,-0.4323067778117647,-0.48006863805402433,-0.18394261991701388,0.3959655394704186,-0.2780383819993704
109,0.1449095291285813,-0.24217442393012636,1.7418534337958926,-0.5350114526943583,-0.10389267047385023,-0.2926126218852058,-0.41275685061394385,-0.4801530462342239,-0.2421747059430836,0.44055503509457283,-0.29795997207457386
110,0.08149953795417475,-0.5527456706093361,1.6631750848250129,-0.6384904569133645,-0.14264070800800466,-0.46656698693818444,-0.36239354979027544,-0.4792719071823844,-0.5527458314154555,0.3437534509671951,-0.2816943392843182
111,-0.08121177658679121,-0.9805899140814767,1.662875352816809,-0.7246142630407358,-0.1284991767054291,-0.2578217488746101,-0.47712335510488857,-0.45591966357253555,-0.9805899079125512,0.3186437961354,-0.4536975177159428
112,-0.22505698284970735,-1.360446586452142,1.2368936163921354,-0.8969191801948379,-0.2858917088802176,0.9946496795068357,1.5410498270732302,0.30203594294618247,-1.3604464320363117,-0.021030916334360758,1.2512688130608618
113,-2.134598055504966,-1.905024640525062,-1.1145300516203591,-1.2209756572662191,-0.8761128410888982,0.9946496795068357,1.5410498270732302,-0.4671706563723084,-1.9050242735764082,-1.4778987130746286,0.4123261981378144
114,-2.4248664945276315,-2.212360770051363,-1.1241136567870178,-1.4161288564362422,-1.069739053785196,-0.15344912984282297,-0.39105623375068016,0.19832402368218247,-2.212360283158443,-1.6781569501473652,-1.4079595204802116
115,-0.42318659719808616,-2.215326294108196,1.2802922048147716,-0.8683704250950451,-0.4540030693362476,-0.15344912984282297,-0.39105623375068016,-0.4490609842472943,-2.2153258060579186,-0.09611933617367449,-0.5285364007829484
116,-0.529169502999099,-2.5188881202894375,1.3135155431502077,-0.9673605455309161,-0.396298921274755,-0.396985240916993,-0.3460064015122234,-0.40202915798731037,-2.5188875137678934,-0.08555033852956812,-0.5356301009436051
117,-0.645476340597064,-2.7348321902460753,1.244704893162458,-1.066006836570632,-0.5163180231832911,0.2292504732737299,-0.005276275011881231,-0.4669514009773998,-2.734831499447902,-0.22672439354695548,-0.28820786621406175
118,-0.7763092143430887,-2.912763633656039,1.1958511821905107,-1.1488178737540973,-0.5973714989700402,-0.396985240916993,-0.47593731300997527,-0.4800459919568976,-2.9127628734164484,-0.3293856454962376,-0.7580442716302084
119,-1.0166609109660585,-3.040820354291998,0.8513366055956576,-1.2801798047184372,-0.6724395617033361,0.0205052352101556,-0.1880433851011957,-0.47999143545018325,-3.0408195440756294,-0.5686377749492227,-0.6114111160631979
120,-2.7086031447043446,-3.1586325372770805,-1.3920271575461087,-1.58575408734412,-1.2460704275517964,-0.7101030980123544,-0.8115635050285405,-0.4767623078735238,-3.1586316810820763,-1.963669558768682,-1.9010322967595248
121,-2.793122206047777,-3.2001498740727388,-1.4212914270079644,-1.567252791265302,-1.311996315817412,-0.7101030980123544,-0.8115635050285405,-0.40079494569390434,-3.200149001674737,-2.009238338414888,-1.9381651153983526
122,-1.0290267658904717,-3.227378776776385,0.4315137103482521,-1.6826675873794041,-0.9872384412013342,-1.1275935741395031,-1.1948764962099199,2.1825256442585657,-3.2273778937517417,-1.093414272984488,-1.4989514654120717
123,-1.9133529252889556,-3.2438239556370023,-0.15056845594901336,-1.8582443414064416,-1.080186759778673,-1.1275935741395031,-1.1948764962099199,-0.30835769469485513,-3.243823066194289,-1.4585043992710949,-1.8874735617600664
124,-2.1014424272712264,-3.2804886167032983,-0.5783068825782907,-2.1462860536329496,-1.5790897609237076,-1.1275935741395031,-1.1948764962099199,0.9673319549667889,-3.280487712951444,-2.0556655952114293,-1.9701092803063875
125,-1.9591818794971896,-3.269165706668119,-0.5709647515599394,-1.9934729886751599,-1.57752174157791,-1.1275935741395031,-1.1948764962099199,-0.19908512921819518,-3.269164807335264,-1.9918143526164207,-1.9076081706633365
126,-1.9014049156377295,-3.260808320689772,-0.5944507091766816,-1.9613440417677845,-1.576223117626324,-1.1275935741395031,-1.1948764962099199,-0.25400500285463473,-3.2608074246185597,-1.988056510544902,-1.8822242929155963
127,-2.9205334788775152,-3.2400496522919426,-1.8110968132250713,-1.881965840936407,-1.565616537426004,-1.2319661931712902,-1.3032016742120012,-0.45321242559784175,-3.2400487643222293,-2.4494393353753754,-2.4248767684623114
128,-2.8655947093264955,-3.1947580121512247,-1.801075338689906,-1.823798639282117,-1.5290167554713348,-1.2319661931712902,-1.3032016742120012,-0.47957762949359506,-3.194757141857508,-2.399881790787822,-2.400739830195936
129,-1.669615105178555,-3.088268739201322,-0.526700849861445,-1.651886670009335,-1.4112736992651793,-1.2319661931712902,-1.3032016742120012,-0.47979688488850375,-3.0882679104672417,-1.7369107842083762,-1.8752951194920642
130,-1.4740122721519962,-2.9227385782108404,-0.30610330455395096,-1.4654383579324433,-1.3039351767136846,-1.2319661931712902,-1.3032016742120012,-0.47554044799673234,-2.9227378140783213,-1.5069276421693505,-1.7893584750409064
131,-1.2444614816472581,-2.478449155878082,0.09849581104198514,-1.0284612122714496,-1.0755742270995694,-1.2319661931712902,-1.3047830636718856,-0.40256648811004425,-2.4784485651386783,-1.028395586992012,-1.6898925372169338
132,-0.9233000859645264,-1.707952087293723,0.2833288118575319,-0.6819166554086906,-0.8545525750841777,-0.9188483360759288,-1.2755273586640241,3.173661936682769,-1.7079517972567,-0.6799810853516495,-1.5231611418148596
133,-0.707999396050083,-1.3588290278756878,0.3731311278807095,-0.5223798155927581,-0.7112497674053856,-0.7101030980123544,-0.8348138835624909,-0.19625127897320208,-1.358828874091143,-0.4919264804969458,-1.0424521168653627
134,-1.8225109977361647,-1.1250918135780534,-1.6064945316945107,-0.6022109980095464,-0.7363795223834145,-0.640521351991163,-0.6065996171329237,2.206903138447424,-1.1250917510142797,-1.3507692587097424,-1.332161186756711
135,-2.1835450815159447,-1.2326594589122588,-1.618577641173061,-0.9709953134331264,-0.9287209262765478,-0.2230308758640144,-0.010589743597092808,-0.06971312317352371,-1.232659354367992,-1.6192823092146384,-0.9686021260814955
136,-0.4028186110984866,-0.9563265354346634,0.5178730178250179,-0.4155143647020982,-0.5324696585811406,-0.2230308758640144,-0.010589743597092808,-0.2101570119770568,-0.9563265387350222,-0.2800087766725782,-0.18625324500853058
137,-0.1735279884053556,-0.8005017259029071,0.5657284908913818,-0.24179046908767382,-0.4205220571376476,-0.46656698693818444,-0.40586199256884786,-0.45121648094653716,-0.8005017900171133,-0.1230132978098408,-0.4318223891199336
138,-0.03004938224061302,-0.7519749686092806,0.7031412816437825,-0.20582755153269686,-0.3737439645837134,-0.5709396059699715,-0.5597114196473513,-0.47997187745721015,-0.7519750516620552,-0.02359993326120555,-0.5035768288309506
139,-0.14008065686769305,-0.9849034036186879,0.7390491762266099,-0.4740226669478119,-0.4655369913743356,0.12487785424194275,0.3885806303932773,-0.4793799908277619,-0.9849033957663341,-0.1707715683699784,0.27890020991093256
140,0.019311547107013403,-0.713423155870455,0.7468891230151086,-0.27117423843527166,-0.3797690961888772,-0.1882400028534187,-0.037694758939511394,-0.47255733938431316,-0.7134232539688702,-0.0349867827359554,-0.024540781018952303
141,-1.6008440803104278,-0.8873107028392834,-1.6004842533387003,-0.7243850434432991,-0.5969725865593801,-1.2319661931712902,-1.3047830636718856,-0.36308198840156397,-0.887310733074495,-1.309864907216605,-1.846466571427052
142,-2.0858560101940413,-0.9433860668230296,-1.6044276840205483,-0.9426675915165762,-0.8005042606736257,0.2292504732737299,0.4638527919469498,3.7616904946750727,-0.9433860751736733,-1.5230035088064562,-0.5100141539034995
143,0.18643388863568053,-0.3006761257785539,0.5391044694670091,-0.07923830004355645,-0.2560492613970318,0.2292504732737299,0.4638527919469498,-0.1718254044859366,-0.30067638496001475,0.03157245814273921,0.4882994497607844
144,0.31287150314016204,-0.1418857921899649,0.6891763764267694,0.027539829095699096,-0.22407064658922932,0.4379957113373042,0.8175601957024683,2.355281396189717,-0.14188611334263018,0.15476018741013206,0.8537393108203926
145,0.38621123245757055,-0.09524618656886828,1.2264577297760622,0.09636574203079501,-0.19914639194396455,0.0205052352101556,0.0635537012295872,-0.051516984132207545,-0.09524652592360211,0.4175386533142809,0.22535974592980473
146,0.3855962903574085,-0.07206118030635783,1.2565899188790648,0.10231726514995464,-0.1813490269904484,0.36841396531611276,0.6814618653111673,-0.2106377268569739,-0.07206152870951879,0.44324806615521456,0.7664518152644222
147,0.37785826893036883,-0.2259988381655842,1.182316327246138,-0.0014646363942356635,-0.16362073777903785,1.4817219016551757,1.9591652467930154,-0.4571260829285588,-0.22599912649139758,0.38309800400162797,1.8824747741092112
148,-1.3494628452499353,-0.536570084844794,-0.9976215365943939,-0.5798102399695731,-0.4921950471464517,1.4817219016551757,1.9591652467930154,-0.4800243752278221,-0.5365702519637695,-0.9410736004885765,1.1235891376106055
149,-1.8761331604829912,-0.5462754363035193,-1.0351948985967196,-0.8035449398961656,-0.7093052852651119,1.3773492826233884,1.375379513782091,-0.4796476265210776,-0.5462755996347811,-1.1785489067487125,0.3807336008891088
150,1.4911912315911398,0.0708231606137647,1.1695738073495392,0.11700642101902217,-0.08516969057611859,1.3773492826233884,1.375379513782091,-0.4724224921696041,0.07082275644704121,0.472853233337148,1.8601424343700346
151,0.5331469169674552,0.10937497335259022,1.0156575115889026,0.052955916363857186,0.29205639084984475,-0.8144757170441416,-0.8704702624092343,-0.3251538931865198,0.10937455414022626,0.6181593110021655,-0.5284030475328579
152,0.5176078031287439,0.0797197327842629,0.9637778105167404,0.0006447296631281118,0.21805554833208085,0.0205052352101556,-0.08363412274915316,3.7251561638013726,0.07971932514546853,0.5305721908333708,0.1541335236379773
153,0.5690658427153845,0.033888906451393405,0.8384194592247138,-0.006032655514581019,-0.05450524176187576,0.36841396531611276,0.42164748399946006,-0.162587855594339,0.033888516699024755,0.3077989739523315,0.6194289911094849
154,0.5398679187673037,-0.12894532357833116,0.6471669807030261,-0.03416117468573988,-0.021488763928936155,1.6904671397187498,1.5035708968739698,1.738709491505291,-0.12894564978128134,0.23877014127130172,1.55449678516268
155,-1.2775106775944312,-0.36187375858773846,-1.624872013345343,-0.5925128259941894,-0.335039099388375,1.6904671397187498,1.5035708968739698,-0.2968349487295617,-0.3618739938855603,-1.1060455401466485,0.7560450661761933
156,-1.7392375883392146,-0.42630650854983143,-1.6216114503691423,-0.7682287490625279,-0.5406067810011841,1.3425584096127927,1.1480033837662624,-0.1529591468432799,-0.426306718701443,-1.3008129445367904,0.24166867522983
157,0.6145281968254449,0.2390492525650033,0.5702192582838628,0.14067334445435986,0.04402612367115081,1.3425584096127927,1.1480033837662624,-0.4531733096118956,0.239048782744576,0.31626293858397125,1.2757781013112555
158,0.5964780694110717,0.172190164738229,0.5669508762117959,0.023795909004233246,-0.006899967196226612,1.6556762667081542,1.3840415745486077,-0.480004817234849,0.17218972101094038,0.2376048360485548,1.4746458981247417
159,0.7473872259527728,0.3204663675798656,0.5793285049679726,0.19365581711901064,0.13238435918557037,1.1338131715492186,1.0012306745207418,-0.47966924325015314,0.32046586598472904,0.39545772297426746,1.2055580899064744
160,0.4381304786193329,0.4315387231630552,0.5080496270517961,0.166174024669191,0.4541564348491321,1.8296306317611328,1.7271002970286295,-0.47390992900360884,0.43153817821963986,0.5546565908866208,1.7056379733269047
161,0.2733457054585896,0.2827233341292672,0.1316409584187592,-0.535205197830287,0.04080892098258099,1.4121401556339843,1.2530590390600327,-0.3704553517524124,0.2827228472641283,-0.13042100412948607,1.2179235730966813
162,-1.1977692433368736,-0.2952842638570398,-1.4487573044205966,-0.5925946901361311,-0.06971399327998336,1.4121401556339843,1.2530590390600327,1.951679565093234,-0.2952845251427861,-0.869580521442013,0.5716002026971669
163,-1.7045603726012277,-0.13703311646060223,-1.4394291230522336,-0.7475907988790321,-0.30181366743556587,0.8902770604750485,0.4915152470739776,-0.3324099085795298,-0.13703343950712438,-1.0701669683343673,-0.31825910771496846
164,-0.1736107690726851,0.7040973432955908,-0.24837231340859078,0.24195838966932912,0.4245073994438421,0.8902770604750485,0.4915152470739776,2.2988946730802975,0.7040966919805496,0.25572052136914786,0.3543521715562762
165,-0.06503012709214127,0.5798149260046918,-0.10501700979788653,0.2236317370933199,0.4115297943957464,0.1944596002631342,0.09081685551799423,9.244185152662524e-05,0.5798143231934285,0.29930828213668387,0.050996041785539764
166,0.023277135265751002,2.1717621583317173,-0.030334218814629187,0.21473037605952866,0.428921339364392,0.0205052352101556,-0.09483826707243412,-0.19773562770305317,2.171760934230196,0.3372213271956505,-0.07286314964264401
167,-0.03559962888822985,0.4142847650142102,-0.04399157292757218,0.3076188891160137,0.3191927961360424,0.5075774573584956,0.2811133561731833,-0.4530569910221084,0.41428422680450805,0.30008016321083364,0.23064884756326307
168,0.2099790755861176,0.34176422216984614,0.028671284956919736,0.005316443363266254,0.33573989015744665,2.803775076057813,2.4876735112336807,-0.4798946748533691,0.34176371226278235,0.22169360886493805,2.27175542530837
169,-0.7652047791113156,-0.06289501503978394,-1.2788040430384071,-0.5271361222395694,-0.08624727215296644,2.803775076057813,2.4876735112336807,-0.4794582227996542,-0.06289536702023003,-0.7844587167261123,1.8433156788131646
170,-1.4156243081289133,-0.21629348670685888,-1.3054384899239346,-0.7820010265418487,-0.35989082450442883,1.8296306317611328,1.5932356792494153,-0.47654408184666636,-0.21629377882038595,-1.0646419248562426,0.77392306099027
171,0.3583969282348544,0.6078526079965649,0.029127398882447413,0.1554307204417121,0.2797695432228054,1.8296306317611328,1.5932356792494153,-0.35714150537800593,0.6078519942430176,0.24604207349618656,1.5533260475385091
172,0.34518749889098793,0.5329057272875195,-0.000744153691682283,0.15403630122397227,0.258603008948087,0.2292504732737299,0.37761962469945354,3.5872362854594173,0.532905142783539,0.2201391558430353,0.4824959855912628
173,0.3013295129525043,0.4420528539100076,-0.03073299270380481,0.035532498153937775,0.26742743500208155,0.9250679334856442,0.6546375465978781,-0.15748733690057184,0.44205230486323577,0.1668740162898983,0.7059284901876479
174,0.3671835047814012,0.4932755421643912,-0.058537697603971955,0.10525073023619792,0.3099539156294141,0.9946496795068357,0.8152869483538845,2.2302728813141437,0.4932749731269082,0.20911045063399206,0.8756092438352294
175,0.17586949870981894,0.29593339583697664,-0.7107284838027743,-0.28316187762026396,0.07066518361418792,3.88229213938628,3.069502274787998,-0.033229231334333295,0.2959329038163386,-0.3587192644886502,2.7665219610498712
176,-0.9084311013375301,-0.21278877645787475,-1.3629192700015766,-0.6715744854767259,-0.1686252752945909,3.88229213938628,3.069502274787998,-0.19353992352630345,-0.2127890699391873,-0.9265479105239322,2.2901425870773378
177,-1.5061666485047025,-0.34057590399775794,-1.3767773142417519,-0.8943704765757204,-0.3763032208287271,1.2729766635916013,0.9644159278946329,-0.4580411911260883,-0.340576147607507,-1.1480884696785245,0.18322185076160738
178,0.2507308155314747,0.6364294761805894,-0.09891290229168186,0.08692407766018871,0.35688397481598066,1.2729766635916013,0.9644159278946329,-0.48009334288725347,0.6364288512743296,0.21442274572741352,0.9551016357722751
179,0.27442973800695225,0.6801035577448533,-0.11457976404223534,0.10039072900959393,0.42038530453368844,0.5075774573584956,0.492960241692947,-0.4797608570067112,0.6801029157938819,0.25258488814133434,0.5524614135185986
180,0.2732905183470366,0.6633887857881597,-0.2466573250486067,0.07016103019526547,0.4145812153032627,0.5423683303690914,0.19021113654537836,-0.476302180354631,0.663388150360473,0.18297233376157077,0.28671609585454666
181,0.9542561136092245,0.6005735944025209,-0.2811473569143652,0.04893365818978965,0.4072764555755921,3.673546901322706,2.7412117531264717,-0.3632096300399145,0.600572983489759,0.1559864306124171,2.820878131275059
182,0.29305538815609256,0.4574196603863227,-0.2994987749123102,-0.02700351987530626,0.45879314403797267,-0.7796848440335459,-0.9415596488415126,3.642436147205787,0.4574191053423375,0.150601437578494,-0.6961683635882309
183,-0.25519308769418936,0.12770730388573803,-1.2305393706217127,-0.22175285594508365,0.2986306746047483,-0.6753122250017587,-0.7903175376349936,-0.1593535811774235,0.12770687751880377,-0.4067480141509483,-0.8045308682396677
184,-1.173620940095893,-0.4505698871966447,-1.2761768268273677,-0.9031817870533758,-0.17842021552516957,-0.6753122250017587,-0.7903175376349936,2.2040960517717623,-0.45057008787897207,-0.987770267299918,-1.208035288828346
185,-0.6131839964654752,-0.41067010897744066,-0.3928066522488291,-0.9139960402038709,-0.1028254502583182,-0.6753122250017587,-0.7903175376349936,-0.19470310942417568,-0.41067032523147984,-0.5828641204529779,-0.9618115014892263
186,-0.7836017969411648,-0.48939129303154594,-0.3596406539497452,-0.9288325515284335,-0.20443759378925597,-0.8492665900547373,-0.9739761560323179,-0.28739049685966994,-0.4893914785630185,-0.6379787811394655,-1.19759043881152
187,0.422201113063211,0.7582855556068071,-0.24454356279944703,0.18150990725959776,0.5139328551737936,-0.8492665900547373,-0.9739761560323179,-0.45462986540436395,0.7582848831436978,0.28897020736240625,-0.6678299320138108
188,0.4791975734878501,0.8278405743943384,-0.2194546905301361,0.182549581862257,0.5148619239051144,-1.0232209551077158,-1.0546467858546709,-0.4800984897275095,0.8278398747859478,0.3002437335769623,-0.7134661851713946
189,0.36412456202674875,0.6062350494201106,-0.27429000983971774,0.04320862586333531,0.5942247709038281,-0.8144757170441416,-0.49115818656136256,-0.47986894065208874,0.606234436297849,0.27229244454144125,-0.2703385307019389
190,-0.5387957120285595,0.1363342829601605,-1.2723115871041817,-0.48266752033685256,0.28254638805545185,-1.2319661931712902,-1.271573885014313,-0.4734580364291257,0.13633385322636965,-0.5360605449056045,-1.3507682947953084
191,-1.1565129355144603,0.16437196495203363,-1.2821714669914457,-0.7288466391791204,0.0021990349326378045,-0.5013578599487801,0.21034617784335646,-0.3714219283525027,0.16437152427595877,-0.8101103988495888,-0.32381664770899854
192,0.44277802179940406,1.0127814383022706,-0.29010282804644005,0.21569091532497764,0.6809787223078443,-0.5013578599487801,0.21034617784335646,2.563951799427738,1.0127806665168915,0.38708890711769606,0.37881989515729103
193,0.5021632957669805,1.008737541861135,-0.28620891830507805,0.24941621300021555,0.6621020488839277,-0.5709396059699715,-0.7743632947215849,-0.257050902918178,1.00873677165397,0.39021278038454604,-0.4578141498648395
194,0.6328384920514252,1.015207776166952,-0.28038108551947877,0.24308265721866143,0.6225544596349005,-0.7101030980123544,-0.7097852793903806,1.1978527538279367,1.0152070034346443,0.3656387383202704,-0.3438248308037412
195,0.6399733971879212,0.9723424738909152,-0.26400789877567954,0.15002768707356168,0.6211245917733139,-0.396985240916993,-0.5813705250372929,0.01558340165425147,0.9723417178876763,0.335012592709233,-0.22818331692983373
196,0.5459739784669901,0.9168062960993204,-0.2359581955383718,0.01085318816325474,0.6148041613706485,-0.5361487329593758,-0.08689178503651503,-0.2469826540092504,0.916805561770221,0.2880796575912611,0.1637418850860542
197,-0.3810551794639038,0.42749482672191963,-1.2205908743146319,-0.5554583865466568,0.2953668457902572,-1.2319661931712902,-1.2668297166346598,-0.4544754601966818,0.4274942833567183,-0.5354265761009358,-1.2773097044597586
198,-1.046201783393076,0.2867672305704027,-1.2365079471329035,-0.7913580979657819,-0.06991431293208969,-1.2319661931712902,-1.2668297166346598,-0.47999761165849053,0.2867667421270498,-0.8605146606265142,-1.5695368993593086
199,0.6894801781875092,1.3117601818502251,-0.24352186760626504,0.1431838448072378,0.6830561752516712,-0.7448939710229502,-0.7487269948400339,-0.47952719045908554,1.3117592933822217,0.3790750282647503,-0.3530573785470177
200,0.7294395888884266,1.3713402560829555,-0.2074184956267829,0.08608087699818949,0.6605772018769458,-0.6753122250017587,-0.3341815618259378,-0.47548897959417163,1.3713393443625985,0.35759599410859605,0.02769039650674185
201,0.751766717448158,1.1788507854849037,-0.2225275952055483,0.06303884984633991,9.501075454165903,-0.9536392090865244,-0.5813369205112704,-0.39582618611069265,1.1788499488875348,5.815357528299126,-0.179038314620519
202,0.9054155198848122,1.353547111741959,-0.10301792762143093,0.22780953713707663,0.6821875477946928,-0.9884300820971201,-0.8265669375291937,3.392600286231653,1.353546206965744,0.4693241759607374,-0.32638499666853316
203,0.7470403355372969,0.7687996863537595,-0.11656581439224728,-0.0375858246236332,0.6572632931494281,-0.5709396059699715,-0.12542233922659837,-0.16085131169194036,0.7687990097872937,0.3443606925878559,0.21832146530165325
204,-0.3651258139077819,0.5908682429437956,-1.1674184160592598,-0.5801049508805632,0.20680310994307335,-1.2319661931712902,-1.3018179584346021,1.952289980347604,0.5908676358187472,-0.5781002671753996,-1.300965185537495
205,-1.0124666904880297,0.4231813371847084,-1.1906385244165516,-0.8019049282526007,-0.11267737797613402,-0.6057304789805673,-0.19257208916693963,-0.020165521396371903,0.42318079550293536,-0.8723056251234643,-0.6135361087626914
206,0.808234958376504,1.562481761200629,0.015128610916680848,0.16625588881113268,0.6953723800691054,-0.6057304789805673,-0.19257208916693963,-0.2871887407216319,1.5624807748833554,0.5018329844132953,0.18637556853322743
207,0.897287246740362,1.6155916011275424,-0.05007743587675574,0.12574405376893008,0.5341323290590332,-0.7101030980123544,-0.8208778889472597,-0.45835103090950385,1.6155905940830577,0.3593941990486514,-0.3249717985896523
208,0.954015655480315,1.4023434621316613,-0.08572730029599891,0.049951502354597783,0.5335279163156089,-0.5013578599487801,-0.12578803553919665,-0.48026215924765264,1.4023425383116634,0.3147031401252669,0.3089341328079314
209,0.9306202621183789,1.0335401067000998,-0.010997594737544443,-0.10643356799658023,0.4523708269157015,-0.36219436790639725,0.7421397788869316,-0.4799698187211077,1.0336741233086526,0.23384485580231548,1.0590652150311173
210,0.7119373906530441,0.6650063443646139,0.020601978023012963,-0.42541446826757784,0.6221590010113457,0.8554861874644528,0.5913760379920276,-0.47685289226203065,0.6650057083056417,0.22694924232826266,0.8309012678471067
211,0.5537238257036483,-0.48858251374331885,-1.0648944310617932,-1.1092420187347611,-0.08976495431969578,-1.2319661931712902,-1.2789866481075212,-0.47457284202859085,-0.4885826995904342,-0.9269509564587721,-0.8772724683734323
212,-1.5320336360769053,-1.5440394848796957,-1.0793441202225098,-1.384302806854051,-0.5069599870215307,-1.2319661931712902,-1.2789866481075212,-0.37696095783608713,-1.5440392588129481,-1.2989185217343064,-1.7936344383457554
213,-0.6444711467794915,-0.46297116961612705,-0.10462605500457708,-1.1302074254860235,-0.22597541017779213,-0.884057463065333,-0.8817633598896338,3.233105882904296,-0.462971365458598,-0.6256040949437816,-1.0556748709490087
214,0.6708978893403034,1.0774837813604394,0.06545231191147155,-0.12327029318925098,0.3851152306145526,-0.884057463065333,-0.8817633598896338,-0.1801282871870316,1.0774829843236355,0.21697038090705195,-0.47777730458942175
215,0.7889234112694906,1.3058291337365597,-0.015024429108631642,-0.01559711609809982,0.4832528643175771,-0.9884300820971201,-1.1483994599839173,1.8373713311100333,1.30582824758327,0.28689938514546975,-0.6595291251607769
216,0.7982500331219491,1.045132609831355,0.011954057995008222,-0.0393131580186025,0.515599307452092,-0.9188483360759288,-0.971307561318763,-0.21397184997485721,1.0451318254202635,0.3086991455097195,-0.5002776347865046
217,0.7701873868972443,1.0011889351710155,-0.04505236360008511,-0.10196105704183349,1.0314327729872173,-0.08386738382163154,-0.060170256638118404,-0.31504035208333875,1.0011881679098498,0.5801147681978797,0.28565966101616763
218,-0.2913879489998838,0.46712501184504795,-1.0741261769144732,-0.7028547741126392,3.8748113604297814,-0.08386738382163154,-0.060170256638118404,-0.3182210993615911,0.4671244530133491,1.6828708967546488,-0.18073553780348858
219,-1.024178183946886,0.33610276715225634,-1.0818175608815142,-0.9232903491189821,6.34603057212983,-0.46656698693818444,1.1840867377671747,-0.45577246394121185,0.3361022594546922,3.123239468263125,0.5874380659708986
220,0.7721228777381391,1.3112209956580738,-0.02797024549775146,0.0495967577395172,7.170665415854632,-0.46656698693818444,1.1840867377671747,-0.45610906729395895,1.3112201074004988,4.4471822880582215,1.3766295274478564
221,0.9351101278368701,1.331979664055903,-0.0500826486073332,0.019648125812521813,7.7480678172220605,1.20339491757041,1.114821879424238,-0.4543344367736654,1.3319787676968293,4.783837897822443,1.3875523709325392
222,0.9836905537496754,1.2998980856228943,-0.03970670839290075,0.006274253823983828,3.0668306781266472,-0.5013578599487801,-0.5948182656567849,-0.48026215924765264,1.2998972017843187,1.8847883574105995,-0.08895559639382111
223,1.060621387254569,1.1578225239909987,0.05825874371457791,0.0766119245802693,0.48752174517970515,-0.5709396059699715,-0.46795129623755904,-0.4797793856316331,1.1578216956003429,0.3557272294027597,0.055994190873346165
224,0.8423878965547372,0.9542797364538431,-0.042876048583995914,-0.10618797557075521,0.46011767139284815,-0.5361487329593758,-0.4541062315162711,-0.4767283387278337,0.9542789874999602,0.22566099205907914,-0.02775511390424984
225,-0.189382457167227,0.3929869104242297,-1.083535155606787,-0.5260691595895962,0.08285877898938465,-0.5361487329593758,-0.4541062315162711,-0.3792523311180903,0.3929863805264548,-0.5992542987740171,-0.48105571630917837
226,-0.9288700422948407,0.2956638027409009,-1.0873117789101563,-0.8526852554990205,-0.20283330967885266,-0.6753122250017587,-0.6791221377632222,3.3130651343865245,0.29566331082547714,-0.9056312163193052,-1.0030851983224218
227,0.9639099161944614,1.310142623273771,-0.04636075897502736,0.07126073850201528,0.5139397627480042,-0.6753122250017587,-0.6791221377632222,-0.17299682532821856,1.310141735437053,0.32707248088414925,-0.1715064537809937
228,1.0077008892117736,1.4055785792845699,0.02445679228504401,0.04068175268206901,0.5169946374426259,-0.6753122250017587,-0.7417688812165426,-0.1863569932649297,1.4055776542020006,0.34603167613203334,-0.2071533362045277
229,0.9059437393811053,1.2826441274740492,0.040113228574442585,0.026453764812606233,0.5313485766521762,-0.884057463065333,-0.9161566039052946,1.9049421380958973,1.282643250369187,0.35576571654773115,-0.4046443040073397
230,0.983615656955425,1.243822721639148,0.020171927750372583,0.02511937929895696,0.5472722621010772,-0.8492665900547373,-0.9921917858733613,1.79746890797276,1.2438218596851403,0.3569213999842352,-0.4371357367988629
231,0.9049937326750855,0.9567060743185245,-0.5121677570114889,-0.34158831572403603,0.6215649496292373,-0.5013578599487801,-0.5694923134567362,1.3294440773910263,0.9567053244177132,0.04089062357527321,-0.10134186190871765
232,-0.17855789942975836,0.348234456475663,-1.0445074417733504,-0.7082932819422977,0.6958593640509502,-0.5013578599487801,-0.5694923134567362,0.9828630601235111,0.34823394404345676,-0.2751401528336888,-0.577392182407002
233,-0.8840896432061139,0.1457700413228101,-1.0515967553586947,-0.8992850538969522,0.4065839712609831,-0.5709396059699715,-0.3896527506050328,-0.04210238393580104,0.14576960790651985,-0.5319595257914236,-0.7298010923772816
234,1.0201534667400558,1.110643732177751,0.06423774568692356,0.019369787729920124,1.24014167397228,-0.5709396059699715,-0.3896527506050328,-0.3246608258899881,1.110642922199592,0.8016863308859212,0.10681390218055029
235,1.021123183128773,1.0920418085485273,0.0019221579986880757,0.016848372158116597,1.207318608217236,-0.7101030980123544,-0.4688605951769926,-0.3278498081126502,1.092041005830153,0.7548175410095684,0.03784429397791612
236,0.9899385231647838,1.0747878503996824,0.07277619837280166,-0.028468888016062212,1.2118465231122604,-0.2230308758640144,-0.20193984497992984,-0.45636537993871135,1.0747870544150213,0.7689294941657696,0.2579983868545447
237,0.9469950665034644,0.9685681705458554,0.08724934482111701,-0.027322790028878788,1.1918249192629429,-0.6057304789805673,-0.7580176579168548,-0.4578939914947647,0.9685674160156162,0.7629201541134206,-0.24805987863487672
238,1.0913842600088317,0.7925238788084213,0.09289212567121655,-0.23577618345969223,0.9470602077922926,0.09008698123134704,-0.03546104632742468,-0.46024095065153336,0.7925231929830999,0.5320379096043673,0.4484233642629526
239,-0.16780035461346124,0.19240964694390672,-0.9433882876665088,-0.7995063088937098,0.6234472636016157,0.09008698123134704,-0.03546104632742468,-0.4631592090767261,0.19240919532554793,-0.3142270558142849,-0.1047899959467712
240,-0.9181243232881621,0.07540624324705165,-0.9524297688531118,-0.9556512444285256,0.37178706617527085,0.09008698123134704,-0.015531585659231554,-0.45748327364233016,0.07540583729168558,-0.5349080687311814,-0.4169786137105127
241,0.9736464994470279,0.9920227699044415,0.0992672951674491,-0.04610515299502997,1.205871471420123,0.09008698123134704,-0.015531585659231554,-0.45685947660329423,0.992022006220561,0.7691871442196062,0.41415677457087446
242,1.5700851494927046,0.8898469864917501,0.18270747352083783,-0.07849879396135,0.6356857582091812,0.2988322192949213,0.6651577399797591,-0.45811530562577574,0.8898462626840775,0.437730506288612,1.2725637684259579
243,0.6953576055679046,0.631307207355151,0.1315106401543227,-0.12595816584966923,0.5614103396165474,-0.9536392090865244,-1.0177608767028672,-0.4802611298796014,0.6313065844479624,0.3521543394445761,-0.5861813738902374
244,0.7788162859822111,0.8437465670628049,0.12484355774575245,-0.09794698528196012,0.5716680873192338,-0.640521351991163,-0.5787276279024611,-0.4797896793121452,0.8437458612467723,0.36674417465083947,-0.1648682329031136
245,0.6097545116761097,0.47278646686263776,0.1023871144180584,-0.3443525949169332,0.48482606434403286,0.7859044414432613,1.502776248670378,-0.4798586469715766,0.4727859058214392,0.2072342023166335,1.584504730153817
246,-0.5535030772574362,-0.3036416498353866,-0.9602697156416103,-0.9936607655320443,0.04333882003719977,0.7859044414432613,1.502776248670378,-0.4773644881834842,-0.3036419078594905,-0.7563513409359848,1.0734361925538538
247,-1.250027496041033,-0.7409216516701768,-0.9756264199228051,-1.2477943501663114,-0.31621423277103755,0.7859044414432613,1.502776248670378,-0.44973624968889087,-0.7409217390367364,-1.0848070506465657,0.7674233889436527
248,-0.7858960040071542,-0.8482197039083065,-0.001645956081582717,-1.2098257611337633,-0.34057724701169406,0.2292504732737299,0.27091339415692894,-0.4213833360862427,-0.8482197493995871,-0.6855039906550536,-0.10792466325409261
249,0.801502130767037,0.9087185032170494,0.09913958326830134,-0.148047840150264,0.7959656564039851,0.2292504732737299,0.27091339415692894,-0.42063601488106106,0.9087177720443779,0.4754308029628753,0.5894868568131977
250,0.8701036523639658,0.8111258024376449,0.11838498456028056,-0.11072324903432389,0.7306649036044256,0.5423683303690914,0.9483490109822075,3.0016360066999286,0.8111251093525388,0.45752145150282375,1.2131419065577231
251,0.8197335872622272,0.794680623577027,0.11759786224308422,-0.08487601061860632,0.5106241271269338,0.6119500763902828,0.9228253850996733,-0.2019766240740563,0.7946799369099914,0.3311018711451888,1.1686504131184485
252,0.7156585787463327,0.5574386990304084,0.15699567994752053,-0.20923582864220183,0.16615203571390874,2.0035849968141113,2.8105853319947753,-0.2164093935201328,0.5574381049519295,0.08528447621248922,2.776831725956216
253,-0.21646356119359605,0.16598952352848784,-0.8607847525708023,-0.7049941570220483,-0.1165110816629966,-1.2319661931712902,-1.271573885014313,1.2880006902810852,0.1659890822211274,-0.7014109414892291,-1.2091540706407935
254,-0.9421701361791157,0.0012681418262333562,-0.8758182675561945,-0.9164683372905094,-0.36476239121642856,0.7163226954220699,1.0144234160898273,0.9283899322212986,0.0012677648047912484,-0.9441162231160422,0.4748221121996931
255,0.7724421745978387,0.9372953714010739,0.11608356401033233,-0.0022723625947268376,0.319512271443281,0.7163226954220699,1.0144234160898273,-0.09183321322606901,0.93729462907569,0.24452931488133622,1.2281242307984068
256,0.874822150401748,0.8650444216527855,0.4272132076218483,0.0331475228187037,0.3216553463421082,0.6467409494008785,0.8678483805267921,-0.08151585724874752,0.8650437075248256,0.38735297169569466,1.1446866608911521
257,0.8305384353169984,0.7582855556068071,0.08243017540225601,0.022919962685457346,0.28044821238899326,1.0990222985386229,1.4231137546287014,-0.10561130459157317,0.7582848831436978,0.21641124821760552,1.6117105250326635
258,0.7501308137842653,0.6935832125486384,-0.22758394386568367,-0.04418407446413204,0.18856020645297586,0.1944596002631342,0.3648143235480396,-0.10941584890886143,0.6935825653369536,0.006072586424427924,0.6491858163439581
259,0.6371076093237044,0.5755014364674805,-0.3961975334894663,-0.4134704899582877,-0.02087398982419603,1.307767536602197,1.604677031991679,-0.14206946222948322,0.5755008353396456,-0.337425182445831,1.685799512550459
260,-0.3338268377841472,-0.02326482991665561,-0.5648111231132489,-0.7827596342571749,-0.2303081861013679,1.307767536602197,1.604677031991679,-0.2706509136108221,-0.023265197363599242,-0.6809240204034502,1.2592267115565203
261,-1.0657695563751568,-0.17504574300727635,-0.5563300104637229,-1.0102982879793236,-0.524539763387414,0.33362309230551707,0.495982672298151,-0.35231891605806664,-0.17504605121858655,-0.9487432332114997,-0.033697126905034236
262,0.6106217377147998,0.7485802041480818,-0.33523204302079274,-0.10857295090598928,0.03195168395108628,0.33362309230551707,0.495982672298151,-0.37291142392260984,0.7485795354726862,-0.1602624396180498,0.7028128733446252
263,0.6662542880967717,0.7456146800912491,-0.28211953116706134,-0.13040338875710208,-0.004473681754766277,0.2292504732737299,0.43484417904219536,-0.3592321518900223,0.7456140125732104,-0.1695795359632235,0.6736899090131794
264,0.7560831379589112,0.6795643715527019,-0.2690981301845684,-0.217056583002363,-0.004114487895816989,0.2292504732737299,0.32938526943615454,-0.36020490469841987,0.6795637298121591,-0.19796487446703379,0.6207607917499988
265,0.6997922841748427,0.551507650916743,-0.2347592675055562,-0.38277416553489174,0.014140503849148991,0.4727865843478999,0.6549538244898551,-0.3695052450411416,0.5515070591529779,-0.23750293231368422,0.881267231731925
266,0.6170155587818698,0.3943348759046082,-0.23735260096784214,-0.5503418776753023,-0.04913460281316285,0.8554861874644528,1.1309994935988554,-0.37206322464840924,0.39433434548076196,-0.34338855174168625,1.2619734421363058
267,-0.23902326400915794,-0.1815159773130932,-0.35335670723861823,-0.9975766003215877,-0.3337335678625785,0.8554861874644528,1.1309994935988554,-0.3710503264860143,-0.18151628299926098,-0.742378369136625,0.8858791759525864
268,-0.9470068923130829,-0.30525920841184084,-0.348915460786623,-1.1588298583135639,-0.5804082236024495,0.0205052352101556,0.303292343348062,-0.37948085082545985,-0.3052594658046591,-0.9564438694678721,-0.15033965608481561
269,0.7924790380281201,0.5954513255770826,-0.1612962554774243,-0.3478345497541857,0.022060037681559737,0.0205052352101556,0.303292343348062,-0.35822851804008826,0.5954507166633917,-0.18877820677981894,0.6138905015797534
270,0.9485127120711722,0.5455766028030775,-0.31044029639439696,-0.3378525820467643,0.031355905675425205,0.15966872725253847,0.25288555431424675,-0.35023238701825515,0.5455760133540264,-0.24028897397467364,0.638280291463183
271,1.1527207925634608,0.42749482672191963,-0.38295459145743127,-0.35222246776225935,-0.048751232444476586,0.6119500763902828,1.811937888077778,-0.3637006386003438,0.4274942833567183,-0.32525576102332815,2.093915877359799
272,2.1173796767004274,0.2994381060859608,-0.42583451318761034,-0.423171390778376,0.015991733737579936,2.7341933300366215,3.1257068329291147,-0.3582182243595761,0.2994376126975372,-0.33055950341786705,3.6687519502333865
273,0.705559337332132,0.2088548258045246,-0.5676520612779641,-0.5260227699091626,-0.03226112591030952,-0.46656698693818444,-0.38500741906662234,-0.36531159960049425,0.20885436776809538,-0.45889809558727335,-0.027330808108507437
274,-0.2220098659046734,-0.16318364677994543,-0.8130778423258962,-0.9937835617449569,-0.38432809516784894,-0.46656698693818444,-0.38500741906662234,-0.3749608957125776,-0.16318395962068347,-0.9607843641507643,-0.43485141294341706
275,-0.9454064660780457,-0.37023114456608525,-0.7679799037350082,-1.1734480652596153,-0.5920284903181694,-0.46656698693818444,-0.4781117235173163,-0.37972378168554644,-0.37023137660226474,-1.1412580705334512,-0.8342409332435897
276,0.7059653567957006,0.4932755421643912,-0.5034181887372237,-0.33127889144884803,-0.0185495911023415,-0.46656698693818444,-0.4781117235173163,-0.3696297985753385,0.4932749731269082,-0.34776539539482926,-0.10872305089424464
277,0.7368859070115433,0.44798390202367305,-0.5308241197482152,-0.33040840273953487,0.046027593298661504,-0.36219436790639725,-0.17883376823419395,-0.36800030895026614,0.4479833506621873,-0.3186872882815327,0.16706532517597122
278,0.38192634743913345,0.42587726814546545,-0.47853261296043365,-0.29786194870825705,0.052819465641197806,-0.396985240916993,-0.33064715638309616,-0.3614864679221817,0.4258767254115497,-0.28028246303681964,-0.12189038544538534
279,0.7089888221214976,0.37141946273817344,-0.5169243736634204,-0.35555160953455406,0.061219075881242695,0.09008698123134704,0.43889648953314914,-0.36529101223946997,0.37141894125754005,-0.3134316548182081,0.6960153213107928
280,0.6199523015037978,0.25333768665701556,-0.49399878458375496,-0.4366216692993929,-0.08065559082951551,1.7600488857399414,2.3960636198225775,-0.3648072092553992,0.253337211260232,-0.4236214199588515,2.3716127635806603
281,-0.22936946142392098,-0.15752219176235566,-0.8083577147880069,-0.9207143574525508,-0.4149510985368284,1.7600488857399414,2.3960636198225775,-0.38040522333545035,-0.15752250681259336,-0.9491794208545095,1.9984695875028389
282,-1.0013937907485726,-0.43385511523995113,-0.8375672505787992,-1.2034458156717756,-0.657372415456545,-1.1623844471500988,-1.171946349041596,-0.3932857057602956,-0.43385532244556313,-1.2220073079456502,-1.466721543539557
283,0.7190249925510661,0.4188678476474972,-0.5861494357320779,-0.3102179765319869,-0.17291833266645595,-1.1623844471500988,-1.171946349041596,-0.3740849035009942,0.4188673076491524,-0.4690159383653254,-0.7108683945852166
284,0.8321979906001281,0.34149462907377043,-0.5188270203241929,-0.30918375953879046,-0.05828368485505385,-0.9188483360759288,-0.9566797088148323,-0.36982126103286433,0.3414941192719209,-0.3700280705860968,-0.4725470862092501
285,0.9720578990216092,0.4016138894986522,-0.5053260481285737,-0.3005634653923323,-0.13287167118071563,-0.8144757170441416,-0.6095647223702069,-0.37348169382298263,0.40161335623402067,-0.40728897235526934,-0.10698599492228697
286,0.9565463787386743,0.25306809356093984,-0.4423119545429587,-0.32959794773431234,-0.16938856224485815,-1.0580118281183115,-1.088923402397665,-0.3756917470289398,0.2530676182693706,-0.41542365807993104,-0.5337770103254648
287,0.6813085437411245,0.24983297640803143,-0.5488080402404493,-0.4763394221647613,-0.17016739123709915,-0.5013578599487801,-0.48720471291165157,-0.3815910553304493,0.24983250237903334,-0.5170788988231537,-0.12752239543621918
288,-0.2034906480420996,-0.2599675682711228,-0.8447868824285802,-1.03305924824384,-0.550030439117945,-1.2319661931712902,-1.271573885014313,-0.39089448377732466,-0.2599678433399382,-1.091761463925436,-1.2034545180947192
289,-0.9523087969587112,-0.3621433516838142,-0.8277568916320212,-1.2070369226982838,-0.7108698508238046,-0.7796848440335459,-0.7813431524501496,-0.3957561890832101,-0.36214358687642173,-1.2525094394228906,-1.1029408047343212
290,0.8703007491909409,0.5099903141210848,-0.43009331406939444,-0.36226174036903985,-0.18010393673899436,-0.7796848440335459,-0.7813431524501496,-0.38861546291193605,0.5099897385603172,-0.4298424393085435,-0.3021909070092624
291,0.9813884628106071,0.44690552963937025,-0.41809360828008346,-0.3720963526209662,-0.11880612319445624,-0.6057304789805673,-0.653487814618496,-0.37196337594744144,0.4469049786987416,-0.39082502700636806,-0.14136861926054772
292,1.0237879322294754,0.4846485630899687,-0.2864460975463525,-0.3792840242834451,-0.1939726188602527,-0.46656698693818444,-0.3573331035186454,-0.45982096848663795,0.48464799741934234,-0.3861755660763439,0.13672659485019417
293,0.967339400983827,0.45876762586670117,-0.29731985353093227,-0.4218015308032187,-0.19712938027448007,-0.7796848440335459,-0.766715299946219,-0.46002684209688083,0.45876707029664465,-0.4092475403993724,-0.2467419328774891
294,0.8152437215437361,0.21748180487894708,-0.34372097476618496,-0.5077807102798265,-0.2521223054583266,-0.5013578599487801,-0.2328579856574947,-0.4596408290776754,0.21748134347566128,-0.4960103942133616,0.1541595015438391
295,-0.20784648791824775,-0.26508983709656114,-0.7970200257820332,-1.0665198518601333,-0.5443023332038355,-0.5013578599487801,-0.2328579856574947,-0.4636893336231015,-0.2650901101663055,-1.08173128631093,-0.29532754428058017
296,-0.9423041620214587,-0.48211227943750196,-0.8203469951161629,-1.2801143134048838,-0.7562405251323365,-0.8144757170441416,-0.8687149201087626,-0.46571410057984014,-0.4821124678097598,-1.3061883157844707,-1.175093572335219
297,0.8231985494804482,0.2649301897882708,-0.51745867854761,-0.4188817097406323,-0.3406635916893261,-0.8144757170441416,-0.8687149201087626,-0.45746474501740825,0.26492970986727366,-0.5872602076786065,-0.3994331360914667
298,0.7816229447983355,0.24983297640803143,-0.5449115241337985,-0.46663033493047884,-0.4253262750010943,-0.7448939710229502,-0.7348503023295484,-0.46074019415637235,0.24983250237903334,-0.6696408724026512,-0.3004174819690982
299,0.8663272771591243,0.30536915419962624,-0.5209642398609512,-0.4468574158468334,-0.384481788694034,0.8902770604750485,1.9497124912965564,-0.4601647774157435,0.30536865849648875,-0.6267854364769332,2.088798229905028
300,0.797650858767945,0.24228436971791176,-0.40106101111823567,-0.48059089993626547,-0.37549158085898593,-0.014285637800440112,0.2444053533356167,-0.45984979079207194,0.2422838986349132,-0.5852535307032892,0.5645705813709694
301,0.7356560228112191,0.11287968360157435,-0.3883654057968339,-0.5830902632567029,-0.36703843691880916,0.6119500763902828,0.9076598601793818,-0.4589213008098766,0.1128792630214249,-0.6149698829706958,1.1184247299252839
302,-0.20433816439809221,-0.2626634992318798,-0.8318905869799462,-1.0556592090292047,-0.5701090304544997,-0.9884300820971201,-1.0343654660316535,-0.46059196515699746,-0.2626637732485526,-1.1077560799231576,-0.9960036211845007
303,-0.009716873569868962,-0.4740244865552309,-0.8453159745821923,-1.232693144782804,-0.6901868467438256,-1.1971753201606945,-1.2755273586640241,-0.4618395592350693,-0.4740246780839168,-1.2569589810165351,-1.1217851776464562
304,0.7257302266047566,0.37249783512247625,-0.29588113989155357,-0.37280311304639596,-0.17642565347186942,-0.7101030980123544,-0.6130437791819525,-0.45545747731754027,0.3724973132209858,-0.37664358317174623,-0.21825629316985232
305,0.7153550496327911,0.43019075768267667,-0.2575310810331865,-0.24246175505159553,-0.10141112443870538,-0.9884300820971201,-0.9783052096787515,-0.45508381671494946,0.43019021326533263,-0.26340798814155614,-0.5428277127277088
306,0.841118592989018,0.6046174908436565,-0.2625353023875473,-0.23159838341593553,-0.02940311708068898,-0.7796848440335459,-0.8128918721748434,-0.45387739735892624,0.6046168783526804,-0.21662579434138912,-0.34265236131917953
307,0.5658176870068361,0.4493318675040516,-0.28980830876881364,-0.2638583129504175,-0.07461837096948325,-0.5709396059699715,-0.6334437032144613,-0.4533524196528069,0.4493313156164945,-0.26844338960865516,-0.30638547287574436
308,0.5225588754223566,0.14900515847571855,-0.5249128832733765,-0.4164148702634566,-0.06738614077102355,-0.15344912984282297,-0.11862236454909547,-0.45350373675633543,0.14900472379685706,-0.42017040595974414,0.12565481137190368
309,-0.4348271357992314,-0.4645887281925813,-0.8765715071246374,-1.0589774355825738,-0.4016091189491255,-0.15344912984282297,-0.11862236454909547,-0.45741533535094997,-0.4645889234037666,-1.023068324675546,-0.29496558545890605
310,-1.0244265259488745,-0.5187769405037975,-0.8015368568274016,-1.1793531986983412,-0.531131316077844,-0.5709396059699715,-0.6174321349331318,-0.45903453129551014,-0.5187771145669149,-1.1196357786710143,-0.9910193269798206
311,0.7175034050468189,0.3687235317774164,-0.37804941198404224,-0.3062093623815763,0.05274348232488161,-0.5709396059699715,-0.6174321349331318,-0.4455374574079875,0.3687230113489257,-0.2423833161135371,-0.22571541587296465
312,0.8484348272063311,0.3490432357638901,-0.4284486975722061,-0.4032647602628925,0.047776936467486646,-0.5013578599487801,-0.5424742745346113,-0.45092619915609466,0.34904272301604106,-0.30415518379272655,-0.10251952697445166
313,0.7879852303730895,0.2956638027409009,-0.5557253337167376,-0.30309306737833,0.1425039554040455,-0.1882400028534187,-0.09067130584563873,-0.45082429171902444,0.29566331082547714,-0.25847308088632703,0.266756404850746
314,0.7849026359992001,0.24228436971791176,-0.41713446585383096,-0.40360040324485336,0.030822295567659194,-0.32740349489580156,-0.3247169459085297,-0.4550642587219764,0.2422838986349132,-0.31014207301050883,0.06034981975617122
315,0.6179695074244289,0.09023386353121532,-0.44100877189859394,-0.5386162037445233,0.029066044824623494,0.5423683303690914,0.8758343972992083,-0.4575141546838666,0.09023345178906444,-0.373918479490295,1.0388370856667448
316,-0.3352143994460514,-0.3004065326824782,-0.9285554628083489,-1.022231351069688,-0.2849021988745544,0.5423683303690914,0.8758343972992083,-0.459465836508969,-0.3004067919691533,-0.9577438796980191,0.6200628520125123
317,-1.013073748715113,-0.4891216999354702,-0.9071754483449002,-1.1233635832196998,-0.4953932540059425,1.4121401556339843,1.5877363974026673,-0.46241806407985175,-0.4891218855721571,-1.118906661091277,0.945962608490101
318,0.7929875478417158,0.43773936437279637,-0.38130997496024294,-0.15950609121736686,0.10955309952610626,1.4121401556339843,1.5877363974026673,-0.45504058325679847,0.43773881700945283,-0.15107577193083496,1.7394421562946432
319,0.820833387556748,0.39056057255954835,-0.3507268846622901,-0.16554220728319954,0.0387867286324386,-0.5709396059699715,-0.5772233311787461,-0.45433031930146056,0.3905600436087019,-0.18470605302436666,-0.14509038724034534
320,0.9207890723888644,0.5164605484269016,-0.37358470824444845,-0.21766783526219416,0.07307765390722712,-0.8492665900547373,-0.8384313119519764,-0.4562068572588243,0.5164599703409916,-0.19327478821731756,-0.33002536720996384
321,0.8460420717268542,0.6092005734769435,-0.3821335863914815,-0.09555109472780049,0.14520827070748102,-0.8144757170441416,-0.8376801519585313,-0.454793534924507,0.6091999591973248,-0.1042839563444251,-0.36220679699153646
322,0.602063793487544,0.4528365777530357,-0.5365841870363076,-0.24149575817668378,0.11877298420365553,-0.7448939710229502,-0.7839129103224618,-0.4546195717238518,0.4528360244976931,-0.24118059283317908,-0.4222902295290512
323,-0.3146532584560163,0.08753793257045829,-0.8650305216261428,-0.8302599382164649,-0.2823757536070409,-0.7448939710229502,-0.7839129103224618,-0.4582326535836142,0.08753752188045011,-0.8549126428584464,-0.8250430227081289
324,-0.9691842272843132,-0.07340914578673635,-0.8326881347582975,-0.9954508614358355,-0.5149762268928892,-0.640521351991163,-0.6281065137873515,-0.46089151125990085,-0.07340949366382596,-1.0503631940718319,-0.976101081573596
325,0.6495128836135127,0.836467553468761,-0.39481876625172835,-0.05215491308451961,0.05843359658083307,-0.640521351991163,-0.6281065137873515,-0.451892775756185,0.8364668504935137,-0.14620607900458527,-0.26493859000347036
326,0.6853372028844941,0.9195022270600774,-0.4057837450214137,-0.07227166156432006,0.12455807760500225,-0.5013578599487801,-0.5615300175262183,-0.45622332714764374,0.9195014916788353,-0.11764861743576374,-0.19087038481036422
327,0.814731269793601,1.0028064937474697,-0.38519345924045,-0.03777956975956182,0.12641621506764375,-0.7101030980123544,-0.7584130052818259,-0.45051548130366015,1.0028057258550183,-0.0945392250551241,-0.3065153624050533
328,0.6736296513621773,0.9340602542481654,-0.4133291725322858,-0.08451035078460019,0.11174107365730217,-0.6753122250017587,-0.7554479000445427,-0.45561805873352973,0.9340595131853527,-0.1334732485431947,-0.36590951450703546
329,0.5475862305116458,0.7957589959613298,-0.44549693292578624,-0.2486561417918488,0.12257905759367588,-0.5361487329593758,-0.5134162432092355,-0.4580504554385492,0.7957583088734371,-0.20426714445610997,-0.20923676425464244
330,-0.30088801606008025,0.39136935184777544,-0.8755263546438569,-0.7985921593086944,-0.17885366580688242,-0.5361487329593758,-0.5134162432092355,-0.46182205997819864,0.3913688225812862,-0.7827225188529555,-0.5820075903484448
331,-0.94434608514892,0.018791693071154046,-0.8591818379182337,-0.9937044264077465,-0.3455783307401418,-0.08386738382163154,0.09603148726196303,-0.46393638195539294,0.018791309210784455,-0.9556751956558033,-0.33075621229487523
332,0.5870134797797307,1.0281482447785857,-0.5353539826200272,-0.15438412473654953,0.19608082787472658,-0.08386738382163154,0.09603148726196303,-0.45762738516950013,1.0281474669959931,-0.158687673936301,0.34203518045701103
333,0.6376358288199974,1.0143989968787248,-0.49827061729198274,-0.14957324199511052,0.103583228514627,0.0205052352101556,-0.011997180216389923,-0.4594596603006617,1.01439822446206,-0.19885542423817892,0.26962956123905885
334,1.6753033196050544,0.9545493295499188,-0.536117647649625,-0.1747737536894889,0.11226086861664705,1.1338131715492186,1.302532808312516,-0.45964700528598273,0.9545485804908217,-0.21888049958430036,1.877208186660833
335,0.3898732915027666,0.8949692553171885,-0.6965811330155501,-0.19057353308423178,0.07780588845435765,-0.7796848440335459,-0.8394592151009013,-0.46409387526722873,0.8949685295104448,-0.3122203788389675,-0.5641798194857008
336,0.316076297546776,0.7758091068517278,-0.7027582187498392,-0.3111239397028081,0.07124714674142786,-1.0928027011289072,-1.0456328659333296,-0.46492148718040505,0.775808427549691,-0.3660435819941906,-0.7772350166205004
337,-0.3689889117164925,0.32585822950137966,-0.8245015413863979,-0.798379312539646,-0.23258941248440643,-1.0928027011289072,-1.0456328659333296,-0.4664212764310244,0.3258577258019577,-0.7949763981769234,-1.0782133020746887
338,-0.9661922974508322,0.36171411127944814,-0.8356646039180267,-0.957092053326699,-0.41880725183987527,-0.5013578599487801,-0.5089488179850621,-0.4683153136452588,0.36171359358652844,-0.9770195248045574,-0.8703900551804514
339,0.45323597943869914,1.3209263471167991,-0.6908262784580352,-0.30641129393169914,-0.019121192868265607,-0.5013578599487801,-0.5089488179850621,-0.4635925730262873,1.3209254550715104,-0.4152483277528388,-0.24677483822491403
340,0.47941437999752257,1.2319606254118172,-0.6864397656771034,-0.18877252196151498,0.15024561920053425,-0.396985240916993,-0.3211588196237898,-0.46381079905314476,1.2319597680872372,-0.26250888567152847,-0.07074681624510437
341,0.6702435278747463,1.1429949037068352,-0.6850271156906119,-0.20430760729731312,0.1108448159034816,-0.7448939710229502,-0.7382502896682998,-0.4633331722773813,1.142994081102964,-0.2924080518775494,-0.3523299971828879
342,0.5262564118964081,1.16402316520074,-0.6427622961685732,-0.2731171474040207,0.06135204668479603,0.09008698123134704,0.19971133372563388,-0.46424416300270605,1.164022334390156,-0.3326698818671353,0.40617809375052655
343,0.33967272967222656,0.9219285649247588,-0.5302220493665186,-0.5101192959346269,0.07475446754684134,1.1686040445598143,1.4813602819098934,-0.465487639608573,0.9219278285965882,-0.3710629471508849,1.4470833400053935
344,-0.608402427443061,0.14765719299534003,-0.668111804966757,-1.0817957007464496,-0.34783019993278547,-0.7796848440335459,-0.8312755246459995,-0.46883514451112207,0.1476567588425499,-0.9132078384418808,-0.9955949021322754
345,-1.2116724535116923,-0.39826882655795837,-0.6643039052799231,-1.2923284433825815,-0.5678105351359347,-0.7796848440335459,-0.8312755246459995,-0.4710204928838501,-0.39826904765185384,-1.130313823225873,-1.2606370844776684
346,-0.9667323427567439,-1.151781530089548,-0.4667257782024887,-1.3802177861711615,-0.7093277348812963,-0.7796848440335459,-0.8312755246459995,-0.4722886743229462,-1.1517814571095617,-1.1713143925814389,-1.1530244753754417
347,0.5461592494843466,1.609660553013877,-0.40204361083208673,-0.15396116000318422,0.14478690868063668,-0.7796848440335459,-0.8312755246459995,-0.4641638722947113,1.6096595482841063,-0.13559538695342646,-0.4883468485543845
348,0.7461967611178437,1.6964695299502532,-0.428516463069713,-0.07988502676489566,0.2843976179438828,-0.8144757170441416,-0.7716274909559849,-0.46323744104861836,1.696468491341488,-0.031002294144049227,-0.34820297387164645
349,0.6962997284008452,1.5398359411302698,-0.42427069401437256,-0.047256708591676175,0.24506761728248838,-0.8144757170441416,-0.9141798670804391,-0.4636399239566432,1.5398349636509947,-0.04082613789801377,-0.4950179747796895
350,0.6290266394177281,1.3087946577933924,-0.3910186856607606,-0.24624114960456944,0.17018605905287768,0.12487785424194275,-0.36713771816992863,-0.4660692325575091,1.308793770482746,-0.15150233778760194,-0.045298859662905026
351,-0.15854074568217433,0.8723234352468294,-0.5483832026983864,-0.7061620854470827,-0.14071867548391545,0.12487785424194275,-0.36713771816992863,-0.46821031810403496,0.8723227182780844,-0.5887130974012791,-0.39131071085868363
352,-0.8423169416970262,0.8302669122590198,-0.60183975477023,-0.9185395000816338,-0.37098093489948814,-0.7101030980123544,-0.9012085200357374,-0.4698356902569024,0.8302662117037006,-0.8363960497777341,-1.1596332546266783
353,0.7273070012205569,1.880062428377807,-0.4677865688750016,-0.11522304803638451,0.15736387442451966,-0.7101030980123544,-0.9012085200357374,-0.46697301770647526,1.8800613181181245,-0.1395991191178184,-0.4700306930614391
354,0.6925351790056221,2.165022330929825,-0.5153735863166262,-0.15475251337528703,0.1630367197449447,-0.8144757170441416,-0.8190988258048897,-0.46680420134607614,2.16502110945866,-0.17109336366543418,-0.4133694166561161
355,0.7878354367845884,2.265580555766062,-0.597763399458657,-0.2019335471810046,0.17794499178489281,-0.6057304789805673,-0.7346921633835599,-0.4673549132534758,2.265579295049975,-0.21414337349073012,-0.2975495211619577
356,0.6339028149170903,2.186859371711957,-0.800463034328445,-0.2126004448760046,0.13383149598268337,-0.5361487329593758,-0.7248480139957795,-0.4669246374080682,2.186858141718436,-0.3287762657008562,-0.3565540046760132
357,0.4464361389080606,1.8868022557796995,-0.8970158364494322,-0.3431246327878081,0.03853632906730568,-0.5013578599487801,-0.5840648173295709,-0.4675474050790529,1.8868011428896603,-0.47851264138703253,-0.31557299224886043
