company_urlname,topic,term,beta,,company_id
Acura,1,acura,0.036924452,,1.01617E+11
Acura,1,sundance,0.01727411,,1.01617E+11
Acura,1,film,0.015834601,,1.01617E+11
Acura,1,event,0.014395092,,1.01617E+11
Acura,1,seinfeld,0.014395092,,1.01617E+11
Acura,1,ad,0.012955583,,1.01617E+11
Acura,1,jerry,0.012955583,,1.01617E+11
Acura,1,festival,0.012955583,,1.01617E+11
Acura,1,day,0.012946426,,1.01617E+11
Acura,1,game,0.010076564,,1.01617E+11
Acura,2,acura,0.073461683,,1.01617E+11
Acura,2,rdx,0.029158355,,1.01617E+11
Acura,2,check,0.020799429,,1.01617E+11
Acura,2,essential,0.017818995,,1.01617E+11
Acura,2,2013,0.017818995,,1.01617E+11
Acura,2,weekend,0.016198782,,1.01617E+11
Acura,2,ilx,0.014579177,,1.01617E+11
Acura,2,share,0.012959269,,1.01617E+11
Acura,2,luxury,0.012959269,,1.01617E+11
Acura,2,win,0.012959269,,1.01617E+11
astonmartin,1,NA,0.054987798,,10369058551
astonmartin,1,aston,0.026796631,,10369058551
astonmartin,1,martin,0.025193664,,10369058551
astonmartin,1,heritage,0.018269296,,10369058551
astonmartin,1,<U+306E>,0.014861567,,10369058551
astonmartin,1,fans,0.01337541,,10369058551
astonmartin,1,certificate,0.00891694,,10369058551
astonmartin,1,<U+3092>,0.00891694,,10369058551
astonmartin,1,<U+65E5>,0.00891694,,10369058551
astonmartin,1,read,0.008404,,10369058551
astonmartin,2,aston,0.056833598,,10369058551
astonmartin,2,martin,0.049587045,,10369058551
astonmartin,2,v12,0.034115136,,10369058551
astonmartin,2,information,0.024034176,,10369058551
astonmartin,2,zagato,0.022743454,,10369058551
astonmartin,2,car,0.020665376,,10369058551
astonmartin,2,cars,0.020555085,,10369058551
astonmartin,2,vantage,0.020281711,,10369058551
astonmartin,2,visit,0.019384571,,10369058551
astonmartin,2,www.astonmartin.com,0.016241376,,10369058551
audi,1,allroad,0.040677504,,1.07485E+14
audi,1,audi,0.027467989,,1.07485E+14
audi,1,drive,0.022729013,,1.07485E+14
audi,1,car,0.022729013,,1.07485E+14
audi,1,time,0.022729013,,1.07485E+14
audi,1,leds,0.01818321,,1.07485E+14
audi,1,trend,0.01818321,,1.07485E+14
audi,1,r8,0.013637408,,1.07485E+14
audi,1,2013,0.013637408,,1.07485E+14
audi,1,coming,0.013637408,,1.07485E+14
audi,2,NA,0.0889767,,1.07485E+14
audi,2,audi,0.050663778,,1.07485E+14
audi,2,2012,0.016947943,,1.07485E+14
audi,2,quattro,0.012710957,,1.07485E+14
audi,2,snow,0.012710957,,1.07485E+14
audi,2,rs,0.008473971,,1.07485E+14
audi,2,horses,0.008473971,,1.07485E+14
audi,2,hybrid,0.008473971,,1.07485E+14
audi,2,racecar,0.008473971,,1.07485E+14
audi,2,5,0.008473971,,1.07485E+14
audi,2,january,0.008473971,,1.07927E+11
audi,2,months,0.008473971,,1.07927E+11
audi,2,badge,0.008473971,,1.07927E+11
audi,2,foursquare,0.008473971,,1.07927E+11
audi,2,ski,0.008473971,,1.07927E+11
audi,2,sell,0.008473971,,1.07927E+11
audi,2,2011,0.008473971,,1.07927E+11
audi,2,etron,0.008473971,,1.07927E+11
BentleyMotors,1,NA,0.123208282,,1.07927E+11
BentleyMotors,1,bentley,0.067436811,,1.07927E+11
BentleyMotors,1,exp,0.049283313,,1.07927E+11
BentleyMotors,1,9,0.035202366,,1.07927E+11
BentleyMotors,1,performance,0.02112142,,1.07927E+11
BentleyMotors,1,concept,0.02112142,,1.07927E+11
BentleyMotors,1,suv,0.02112142,,1.07927E+11
BentleyMotors,1,luxury,0.017601184,,1.07927E+11
BentleyMotors,1,film,0.017578839,,1.07927E+11
BentleyMotors,1,watch,0.013895015,,1.07927E+11
BentleyMotors,2,bentley,0.046281391,,1.07927E+11
BentleyMotors,2,continental,0.03388472,,1.07927E+11
BentleyMotors,2,v8,0.027477948,,1.07927E+11
BentleyMotors,2,motor,0.021982359,,1.07927E+11
BentleyMotors,2,geneva,0.021982358,,1.07927E+11
BentleyMotors,2,gtc,0.014187415,,1.07927E+11
BentleyMotors,2,car,0.013738975,,1.07927E+11
BentleyMotors,2,power,0.013738974,,1.07927E+11
BentleyMotors,2,gt,0.013738974,,1.07927E+11
BentleyMotors,2,racing,0.013688905,,1.07927E+11
BMWUSA,1,bmw,0.059867354,,1.07927E+11
BMWUSA,1,series,0.050749438,,1.07927E+11
BMWUSA,1,3,0.046690703,,1.07927E+11
BMWUSA,1,desir3,0.030450471,,1.07927E+11
BMWUSA,1,video,0.017982951,,1.07927E+11
BMWUSA,1,day,0.015680052,,1.07927E+11
BMWUSA,1,5.9,0.012180189,,1.07927E+11
BMWUSA,1,visit,0.012180189,,1.07927E+11
BMWUSA,1,hint,0.012180189,,1.07927E+11
BMWUSA,1,auto,0.010150157,,1.07927E+11
BMWUSA,2,bmw,0.042515103,,1.07927E+11
BMWUSA,2,NA,0.024875788,,1.07927E+11
BMWUSA,2,car,0.016583858,,1.07927E+11
BMWUSA,2,2012,0.014084703,,1.07927E+11
BMWUSA,2,daytona,0.012437894,,1.07927E+11
BMWUSA,2,24,0.010364911,,1.07927E+11
BMWUSA,2,follow,0.010364911,,1.12337E+14
BMWUSA,2,road,0.010364911,,1.12337E+14
BMWUSA,2,search,0.008291929,,1.12337E+14
BMWUSA,2,performance,0.008291929,,1.12337E+14
Buick,1,buick,0.030145094,,1.12337E+14
Buick,1,encore,0.018936022,,1.12337E+14
Buick,1,2013,0.016411219,,1.12337E+14
Buick,1,achievers,0.012624001,,1.12337E+14
Buick,1,luxury,0.012114049,,1.12337E+14
Buick,1,eassist,0.011361613,,1.12337E+14
Buick,1,scholarship,0.010097309,,1.12337E+14
Buick,1,apply,0.00883681,,1.12337E+14
Buick,1,learn,0.00883681,,1.12337E+14
Buick,1,crossover,0.008836792,,1.12337E+14
Buick,2,buick,0.05010513,,1.12337E+14
Buick,2,verano,0.026995692,,1.12337E+14
Buick,2,apprentice,0.024296123,,1.12337E+14
Buick,2,win,0.020246769,,1.12337E+14
Buick,2,celebrity,0.020246769,,1.12337E+14
Buick,2,watch,0.018896984,,1.12337E+14
Buick,2,2012,0.0175472,,1.18815E+11
Buick,2,regal,0.012430838,,1.18815E+11
Buick,2,download,0.009448492,,1.18815E+11
Buick,2,unexpected,0.008098708,,1.18815E+11
cadillac,1,cadillac,0.039697192,,1.18815E+11
cadillac,1,ats,0.018080811,,1.18815E+11
cadillac,1,cts,0.014998749,,1.18815E+11
cadillac,1,bowl,0.014998749,,1.18815E+11
cadillac,1,duchenne,0.014998749,,1.18815E+11
cadillac,1,super,0.014998749,,1.18815E+11
cadillac,1,watch,0.012856071,,1.18815E+11
cadillac,1,green,0.010713392,,1.18815E+11
cadillac,1,NA,0.010713392,,1.18815E+11
cadillac,1,cure,0.010713392,,1.18815E+11
cadillac,1,muscular,0.010713392,,1.18815E+11
cadillac,2,cadillac,0.0614855,,1.18815E+11
cadillac,2,ats,0.0399754,,1.18815E+11
cadillac,2,xts,0.023242272,,1.18815E+11
cadillac,2,vehicle,0.014482455,,1.18815E+11
cadillac,2,2012,0.014482455,,1.18815E+11
cadillac,2,sedan,0.012068712,,1.18815E+11
cadillac,2,luxury,0.012068712,,1.18815E+11
cadillac,2,cue,0.00965497,,1.18815E+11
cadillac,2,cadillac's,0.00965497,,1.18815E+11
cadillac,2,series,0.007241227,,1.18815E+11
chevrolet,1,chevy,0.035404044,,1.22224E+11
chevrolet,1,bowl,0.021916789,,1.22224E+11
chevrolet,1,super,0.021916789,,1.22224E+11
chevrolet,1,official,0.016859069,,1.22224E+11
chevrolet,1,rules,0.016859069,,1.22224E+11
chevrolet,1,chance,0.015173162,,1.22224E+11
chevrolet,1,check,0.015173162,,1.22224E+11
chevrolet,1,chevrolet,0.015173162,,1.22224E+11
chevrolet,1,win,0.013487255,,1.22224E+11
chevrolet,1,favorite,0.011801348,,1.22224E+11
chevrolet,2,chevy,0.022419691,,1.24079E+14
chevrolet,2,sxsw,0.017245916,,1.24079E+14
chevrolet,2,bowl,0.015521324,,1.24079E+14
chevrolet,2,super,0.015521324,,1.24079E+14
chevrolet,2,malibu,0.013793803,,1.24079E+14
chevrolet,2,tru,0.012072141,,1.24079E+14
chevrolet,2,formal,0.012072141,,1.24079E+14
chevrolet,2,american,0.01034755,,1.24079E+14
chevrolet,2,concept,0.01034755,,1.24079E+14
chevrolet,2,xlvi,0.01034755,,1.24079E+14
chevrolet,2,auto,0.01034755,,1.24079E+14
chevrolet,2,international,0.01034755,,1.24079E+14
chevrolet,2,north,0.01034755,,1.24079E+14
Chrysler,1,chrysler,0.051600346,,1.24079E+14
Chrysler,1,blog,0.019473172,,1.24079E+14
Chrysler,1,2012,0.019472709,,1.24079E+14
Chrysler,1,real,0.016735232,,1.24079E+14
Chrysler,1,vehicle,0.016415018,,1.24079E+14
Chrysler,1,people,0.013946027,,1.24079E+14
Chrysler,1,stories,0.013946027,,1.24079E+14
Chrysler,1,america,0.013946027,,1.35849E+14
Chrysler,1,halftime,0.013946027,,1.35849E+14
Chrysler,1,features,0.010775267,,1.35849E+14
Chrysler,2,photo,0.035007765,,1.35849E+14
Chrysler,2,fan,0.03223535,,1.35849E+14
Chrysler,2,chrysler,0.029173195,,1.35849E+14
Chrysler,2,blogger,0.02512119,,1.35849E+14
Chrysler,2,300,0.023309303,,1.35849E+14
Chrysler,2,faceoff,0.020962397,,1.35849E+14
Chrysler,2,friday,0.01867087,,1.35849E+14
Chrysler,2,courtesy,0.016337011,,1.35849E+14
Chrysler,2,post,0.014003152,,1.35849E+14
Chrysler,2,check,0.013820382,,1.35849E+14
dodge,1,dodge,0.104427441,,1.35849E+14
dodge,1,dart,0.047695575,,1.35849E+14
dodge,1,2013,0.027340375,,1.35849E+14
dodge,1,check,0.020490613,,1.35849E+14
dodge,1,2012,0.017850722,,1.35849E+14
dodge,1,redline,0.014703503,,1.35849E+14
dodge,1,watch,0.013667442,,1.35849E+14
dodge,1,monday,0.011897363,,1.39373E+14
dodge,1,series,0.011458878,,1.39373E+14
dodge,1,charger,0.009795158,,1.39373E+14
dodge,2,dodge,0.047877962,,1.39373E+14
dodge,2,auto,0.028590297,,1.39373E+14
dodge,2,2013,0.024686951,,1.39373E+14
dodge,2,dart,0.019786028,,1.39373E+14
dodge,2,north,0.01977438,,1.39373E+14
dodge,2,american,0.015199427,,1.39373E+14
dodge,2,international,0.014635701,,1.39373E+14
dodge,2,check,0.014201434,,1.39373E+14
dodge,2,throwback,0.014086866,,1.39373E+14
dodge,2,est,0.013155631,,1.39373E+14
Ferrari,1,ferrari,0.050903839,,1.39373E+14
Ferrari,1,2012,0.01380368,,1.39373E+14
Ferrari,1,scuderia,0.012825943,,1.39373E+14
Ferrari,1,click,0.011946248,,1.39373E+14
Ferrari,1,february,0.011124185,,1.39373E+14
Ferrari,1,watch,0.008926012,,1.39373E+14
Ferrari,1,29,0.00825003,,1.39373E+14
Ferrari,1,download,0.007877832,,1.50847E+11
Ferrari,1,1,0.007654043,,1.50847E+11
Ferrari,1,fans,0.007463198,,1.50847E+11
Ferrari,2,ferrari,0.029246816,,1.50847E+11
Ferrari,2,car,0.019099174,,1.50847E+11
Ferrari,2,details,0.012036178,,1.50847E+11
Ferrari,2,engine,0.011468292,,1.50847E+11
Ferrari,2,di,0.0086292,,1.50847E+11
Ferrari,2,track,0.007807657,,1.50847E+11
Ferrari,2,NA,0.007550553,,1.50847E+11
Ferrari,2,special,0.006566017,,1.50847E+11
Ferrari,2,technical,0.006065845,,1.50847E+11
Ferrari,2,v12,0.005960522,,1.50847E+11
ford,1,ford,0.054395891,,1.50847E+11
ford,1,NA,0.047990049,,1.50847E+11
ford,1,fans,0.010024983,,1.50847E+11
ford,1,photo,0.009402262,,1.50847E+11
ford,1,car,0.009398423,,1.50847E+11
ford,1,focus,0.008725463,,1.50847E+11
ford,1,link,0.006892562,,1.50847E+11
ford,1,fan,0.006544098,,1.50847E+11
ford,1,video,0.006544098,,1.50847E+11
ford,1,love,0.006544098,,1.50847E+11
ford,2,ford,0.074336867,,1.50847E+11
ford,2,fusion,0.012225406,,1.50847E+11
ford,2,auto,0.010120575,,1.50847E+11
ford,2,american,0.009282247,,1.50847E+11
ford,2,week,0.008967039,,1.50847E+11
ford,2,north,0.008967031,,1.50847E+11
ford,2,vehicle,0.008583406,,1.50847E+11
ford,2,vehicles,0.008521761,,1.56195E+11
ford,2,2012,0.007944329,,1.56195E+11
ford,2,technology,0.007336668,,1.56195E+11
gmc,1,gmc,0.090503403,,1.56195E+11
gmc,1,week,0.048937947,,1.56195E+11
gmc,1,acadia,0.031571178,,1.56195E+11
gmc,1,fan,0.025258295,,1.56195E+11
gmc,1,photo,0.025258295,,1.56195E+11
gmc,1,congratulations,0.020522365,,1.56195E+11
gmc,1,picture,0.015786434,,1.56195E+11
gmc,1,fans,0.0155638,,1.56195E+11
gmc,1,NA,0.014207791,,1.56195E+11
gmc,1,2013,0.012954628,,1.56195E+11
gmc,2,gmc,0.032147935,,1.56195E+11
gmc,2,auto,0.01847682,,1.56195E+11
gmc,2,answer,0.015427791,,1.56195E+11
gmc,2,post,0.014825721,,1.56195E+11
gmc,2,sierra,0.013499318,,1.56195E+11
gmc,2,miles,0.011570844,,1.56195E+11
gmc,2,front,0.011570844,,1.56195E+11
gmc,2,fuel,0.011570844,,1.56195E+11
gmc,2,nfl,0.00964237,,1.56195E+11
gmc,2,correct,0.00964237,,1.56195E+11
gmc,2,american,0.00964237,,1.56774E+11
gmc,2,international,0.00964237,,1.56774E+11
gmc,2,north,0.00964237,,1.56774E+11
Honda,1,cr,0.032877854,,1.56774E+11
Honda,1,honda,0.026302283,,1.56774E+11
Honda,1,day,0.02322564,,1.56774E+11
Honda,1,ad,0.023014498,,1.56774E+11
Honda,1,game,0.023014498,,1.56774E+11
Honda,1,check,0.023014498,,1.56774E+11
Honda,1,commercial,0.016438927,,1.56774E+11
Honda,1,facebook,0.016438927,,1.56774E+11
Honda,1,spot,0.016438927,,1.56774E+11
Honda,1,time,0.013151142,,1.56774E+11
Honda,1,fans,0.013151142,,1.56774E+11
Honda,2,day,0.039218287,,1.56774E+11
Honda,2,honda,0.035862359,,1.56774E+11
Honda,2,robot,0.014344944,,1.56774E+11
Honda,2,dreams,0.010758708,,1.56774E+11
Honda,2,inside,0.010758708,,1.56774E+11
Honda,2,ferris,0.010758708,,1.56774E+11
Honda,2,pass,0.007172472,,15678718354
Honda,2,bands,0.007172472,,15678718354
Honda,2,battle,0.007172472,,15678718354
Honda,2,bragging,0.007172472,,15678718354
Honda,2,home,0.007172472,,15678718354
Honda,2,rights,0.007172472,,15678718354
Honda,2,weekend,0.007172472,,15678718354
Honda,2,winners,0.007172472,,15678718354
Honda,2,it’s,0.007172472,,15678718354
Honda,2,york,0.007172472,,15678718354
Honda,2,classic,0.007172472,,15678718354
Honda,2,hockey,0.007172472,,15678718354
Honda,2,share,0.007172472,,15678718354
Honda,2,backstage,0.007172472,,15678718354
Honda,2,details,0.007172472,,15678718354
Honda,2,love,0.007172472,,15678718354
Honda,2,race,0.007172472,,15678718354
Honda,2,dozens,0.007172472,,15678718354
Honda,2,movie,0.007172472,,15678718354
Honda,2,references,0.007172472,,15678718354
Honda,2,easter,0.007172472,,1.69891E+11
Honda,2,kindness,0.007172472,,1.69891E+11
Honda,2,random,0.007172472,,1.69891E+11
Honda,2,stories,0.007172472,,1.69891E+11
Honda,2,asimo,0.007172472,,1.69891E+11
Honda,2,pick,0.007172472,,1.69891E+11
Honda,2,town,0.007172472,,1.69891E+11
hummer,1,hummer,0.06097561,,1.69891E+11
hummer,1,engineered,0.036585366,,1.69891E+11
hummer,1,fun,0.036585366,,1.69891E+11
hummer,1,inches,0.036585366,,1.69891E+11
hummer,1,water,0.036585366,,1.69891E+11
hummer,1,16,0.024390244,,1.69891E+11
hummer,1,40,0.024390244,,1.69891E+11
hummer,1,5,0.024390244,,1.69891E+11
hummer,1,climb,0.024390244,,1.69891E+11
hummer,1,inch,0.024390244,,1.69891E+11
hummer,1,introduced,0.024390244,,1.69891E+11
hummer,1,mph,0.024390244,,1.69891E+11
hummer,1,slope,0.024390244,,1.69891E+11
hummer,1,vertical,0.024390244,,1.79036E+14
hummer,1,wall,0.024390244,,1.79036E+14
hummer,1,60,0.024390244,,1.79036E+14
hummer,1,grade,0.024390244,,1.79036E+14
hummer,1,hurt,0.024390244,,1.79036E+14
hummer,1,winch,0.024390244,,1.79036E+14
hummer,1,winching,0.024390244,,1.79036E+14
hummer,2,hummer,0.126760563,,1.79036E+14
hummer,2,h1,0.028169014,,1.79036E+14
hummer,2,dead,0.028169014,,1.79036E+14
hummer,2,fans,0.028169014,,1.79036E+14
hummer,2,hey,0.028169014,,1.79036E+14
hummer,2,time,0.028169014,,1.79036E+14
hummer,2,club,0.028169014,,1.79036E+14
hummer,2,meet,0.028169014,,1.79036E+14
hummer,2,brand,0.028169014,,1.79036E+14
hummer,2,website,0.028169014,,1.79036E+14
Hyundai,1,game,0.031788234,,1.79036E+14
Hyundai,1,grammy,0.023119346,,1.79036E+14
Hyundai,1,re:generation,0.020229428,,1.79036E+14
Hyundai,1,awards,0.020229428,,1.79036E+14
Hyundai,1,hyundai,0.020229428,,1.79036E+14
Hyundai,1,ad,0.014745104,,1.79036E+14
Hyundai,1,music,0.014449591,,1.79036E+14
Hyundai,1,it’s,0.014449591,,1.79036E+14
Hyundai,1,premiere,0.014449591,,1.79036E+14
Hyundai,1,love,0.014449591,,1.79036E+14
Hyundai,2,car,0.045877988,,1.79036E+14
Hyundai,2,hyundai,0.041290189,,1.79036E+14
Hyundai,2,NA,0.027526793,,1.79036E+14
Hyundai,2,check,0.020291274,,1.79036E+14
Hyundai,2,day,0.018351195,,1.79036E+14
Hyundai,2,re:generation,0.018351195,,1.79036E+14
Hyundai,2,elantra,0.018348738,,1.79036E+14
Hyundai,2,love,0.013763396,,1.79036E+14
Hyundai,2,talk,0.013763396,,1.79036E+14
Hyundai,2,what’s,0.013763396,,18010778998
Hyundai,2,entertainment,0.013763396,,18010778998
infiniti,1,infiniti,0.06750272,,18010778998
infiniti,1,hybrid,0.013313114,,18010778998
infiniti,1,NA,0.011981803,,18010778998
infiniti,1,jx,0.011892015,,18010778998
infiniti,1,red,0.010650492,,18010778998
infiniti,1,bull,0.010650492,,18010778998
infiniti,1,shares,0.00931918,,18010778998
infiniti,1,cars,0.00931918,,18010778998
infiniti,1,racing,0.00931918,,18010778998
infiniti,1,fans,0.008033737,,18010778998
infiniti,2,infiniti,0.043394663,,18010778998
infiniti,2,live,0.023433232,,18010778998
infiniti,2,jx,0.017872473,,18010778998
infiniti,2,wall,0.016775647,,18010778998
infiniti,2,chat,0.01218528,,18010778998
infiniti,2,questions,0.011247951,,18010778998
infiniti,2,coaches,0.011247951,,18010778998
infiniti,2,join,0.010310622,,18010778998
infiniti,2,chance,0.010310511,,18010778998
infiniti,2,mission,0.009373293,,18010778998
JaguarUSA,1,jaguar,0.090453132,,18010778998
JaguarUSA,1,2012,0.028697181,,18010778998
JaguarUSA,1,drive,0.018261843,,18010778998
JaguarUSA,1,car,0.015653008,,18010778998
JaguarUSA,1,NA,0.015653008,,18010778998
JaguarUSA,1,road,0.010435339,,18010778998
JaguarUSA,1,xj,0.010435339,,18010778998
JaguarUSA,1,xf,0.010435339,,18010778998
JaguarUSA,1,x16,0.007826504,,18010778998
JaguarUSA,1,cars,0.007826504,,18010778998
JaguarUSA,1,certified,0.007826504,,18010778998
JaguarUSA,1,owned,0.007826504,,18010778998
JaguarUSA,1,pre,0.007826504,,18010778998
JaguarUSA,1,select,0.007826504,,18010778998
JaguarUSA,1,family,0.007826504,,18010778998
JaguarUSA,1,concept,0.007826504,,18010778998
JaguarUSA,1,alive,0.007826504,,18010778998
JaguarUSA,1,warm,0.007826504,,18010778998
JaguarUSA,1,weather,0.007826504,,18010778998
JaguarUSA,1,agility,0.007826504,,18010778998
JaguarUSA,1,favorite,0.007826504,,18010778998
JaguarUSA,1,seat,0.007826504,,18010778998
JaguarUSA,2,jaguar,0.08176527,,18010778998
JaguarUSA,2,performance,0.019515617,,1.97052E+11
JaguarUSA,2,xkr,0.019515617,,1.97052E+11
JaguarUSA,2,model,0.013939727,,1.97052E+11
JaguarUSA,2,2012,0.013939727,,1.97052E+11
JaguarUSA,2,xf,0.011151781,,1.97052E+11
JaguarUSA,2,lead,0.011151781,,1.97052E+11
JaguarUSA,2,video,0.011151781,,1.97052E+11
JaguarUSA,2,innovative,0.008363836,,1.97052E+11
JaguarUSA,2,xjl,0.008363836,,1.97052E+11
JaguarUSA,2,academy,0.008363836,,1.97052E+11
JaguarUSA,2,squash,0.008363836,,1.97052E+11
JaguarUSA,2,impressive,0.008363836,,1.97052E+11
JaguarUSA,2,leather,0.008363836,,1.97052E+11
jeep,1,jeep,0.064725664,,1.97052E+11
jeep,1,2012,0.020466076,,1.97052E+11
jeep,1,check,0.018711484,,1.97052E+11
jeep,1,blog,0.011516673,,1.97052E+11
jeep,1,video,0.010077089,,1.97052E+11
jeep,1,love,0.010077089,,1.97052E+11
jeep,1,grand,0.009408278,,1.97052E+11
jeep,1,winter,0.009288126,,22166130048
jeep,1,wrangler,0.009253584,,22166130048
jeep,1,trail,0.008637507,,22166130048
jeep,2,jeep,0.075120965,,22166130048
jeep,2,photo,0.031970312,,22166130048
jeep,2,yeti,0.031856234,,22166130048
jeep,2,arctic,0.026174983,,22166130048
jeep,2,dig,0.026156066,,22166130048
jeep,2,courtesy,0.022235052,,22166130048
jeep,2,flickr,0.015291477,,22166130048
jeep,2,user,0.015291477,,22166130048
jeep,2,week,0.015072359,,22166130048
jeep,2,wrangler,0.014696561,,22166130048
Kia,1,kia,0.069682752,,22166130048
Kia,1,motors,0.015198113,,22166130048
Kia,1,2012,0.015087465,,22166130048
Kia,1,chance,0.014096036,,22166130048
Kia,1,optima,0.014038907,,22166130048
Kia,1,vehicles,0.013409252,,22166130048
Kia,1,check,0.012082316,,22166130048
Kia,1,nikita,0.010068597,,2.27228E+14
Kia,1,limited,0.010068597,,2.27228E+14
Kia,1,sales,0.009010687,,2.27228E+14
Kia,2,kia,0.038213023,,2.27228E+14
Kia,2,optima,0.03121763,,2.27228E+14
Kia,2,commercial,0.027004206,,2.27228E+14
Kia,2,2012,0.021827007,,2.27228E+14
Kia,2,rio,0.016617973,,2.27228E+14
Kia,2,game,0.016123666,,2.27228E+14
Kia,2,5,0.014540726,,2.27228E+14
Kia,2,check,0.014540726,,2.27228E+14
Kia,2,vote,0.01246348,,2.27228E+14
Kia,2,blake,0.01246348,,2.27228E+14
Lamborghini,1,lamborghini,0.046511628,,2.27228E+14
Lamborghini,1,aventador,0.040697674,,2.27228E+14
Lamborghini,1,NA,0.040697674,,2.27228E+14
Lamborghini,1,unica,0.023255814,,2.27228E+14
Lamborghini,1,car,0.01744186,,2.27228E+14
Lamborghini,1,carbon,0.011627907,,2.27228E+14
Lamborghini,1,composite,0.011627907,,2.27228E+14
Lamborghini,1,fiber,0.011627907,,2.27228E+14
Lamborghini,1,forged,0.011627907,,2.27228E+14
Lamborghini,1,pronounced,0.011627907,,2.27228E+14
Lamborghini,1,seats,0.011627907,,2.27228E+14
Lamborghini,1,tah,0.011627907,,2.27228E+14
Lamborghini,1,word,0.011627907,,2.27228E+14
Lamborghini,1,yoh,0.011627907,,2.27228E+14
Lamborghini,1,brand,0.011627907,,2.27228E+14
Lamborghini,1,discount,0.011627907,,2.27228E+14
Lamborghini,1,top,0.011627907,,2.27228E+14
Lamborghini,1,del,0.011627907,,2.27228E+14
Lamborghini,1,di,0.011627907,,2.27228E+14
Lamborghini,2,lamborghini,0.040609137,,2.27228E+14
Lamborghini,2,aventador,0.025380711,,2.27228E+14
Lamborghini,2,discover,0.015228426,,2.27228E+14
Lamborghini,2,geneva,0.015228426,,2.27228E+14
Lamborghini,2,international,0.015228426,,2.27228E+14
Lamborghini,2,motor,0.015228426,,2.27228E+14
Lamborghini,2,video,0.015228426,,2.27228E+14
Lamborghini,2,2012,0.015228426,,2.27228E+14
Lamborghini,2,car,0.015228426,,2.27228E+14
Lamborghini,2,feel,0.010152284,,2.27228E+14
Lamborghini,2,love,0.010152284,,2.27228E+14
Lamborghini,2,official,0.010152284,,2.38312E+11
Lamborghini,2,thrill,0.010152284,,2.38312E+11
Lamborghini,2,watch,0.010152284,,2.38312E+11
Lamborghini,2,ready,0.010152284,,2.38312E+11
Lamborghini,2,fast,0.010152284,,2.38312E+11
Lamborghini,2,online,0.010152284,,2.38312E+11
Lamborghini,2,happy,0.010152284,,2.38312E+11
Lamborghini,2,scale,0.010152284,,2.38312E+11
Lamborghini,2,toy,0.010152284,,2.38312E+11
Lamborghini,2,gift,0.010152284,,2.38312E+11
Lamborghini,2,shopping,0.010152284,,2.38312E+11
Lamborghini,2,sketches,0.010152284,,2.38312E+11
Lamborghini,2,20v12,0.010152284,,2.38312E+11
landrover,1,journey,0.039451304,,2.38312E+11
landrover,1,avalanche,0.03744896,,2.38312E+11
landrover,1,convertible,0.03744896,,2.38312E+11
landrover,1,concept,0.024965973,,2.38312E+11
landrover,1,evoque,0.024965973,,2.38312E+11
landrover,1,geneva,0.024965973,,2.38312E+11
landrover,1,follow,0.024965973,,2.38312E+11
landrover,1,rover,0.024965973,,24712846969
landrover,1,million,0.020995901,,24712846969
landrover,1,landrover.com,0.020995508,,24712846969
landrover,2,red,0.061870162,,24712846969
landrover,2,ifrc,0.04128192,,24712846969
landrover,2,journey,0.039627989,,24712846969
landrover,2,discovery,0.037225381,,24712846969
landrover,2,land,0.03096264,,24712846969
landrover,2,rover,0.030962639,,24712846969
landrover,2,NA,0.030962639,,24712846969
landrover,2,millionth,0.030962639,,24712846969
landrover,2,project,0.030962639,,24712846969
landrover,2,crescent,0.03094498,,24712846969
lexus,1,lexus,0.043225072,,24712846969
lexus,1,gs,0.026692401,,24712846969
lexus,1,2013,0.017143335,,24712846969
lexus,1,sports,0.010786306,,24712846969
lexus,1,app,0.009707675,,24712846969
lexus,1,million,0.007550414,,24712846969
lexus,1,watch,0.007550414,,24712846969
lexus,1,pandora,0.007114608,,3.09507E+11
lexus,1,NA,0.006471783,,3.09507E+11
lexus,1,features,0.006469376,,3.09507E+11
lexus,2,lexus,0.056386204,,3.09507E+11
lexus,2,gs,0.016563644,,3.09507E+11
lexus,2,2013,0.014232175,,3.09507E+11
lexus,2,design,0.011944856,,3.09507E+11
lexus,2,concept,0.011551776,,3.09507E+11
lexus,2,auto,0.01085896,,3.09507E+11
lexus,2,u.s,0.00977305,,3.09507E+11
lexus,2,hybrid,0.008687168,,3.09507E+11
lexus,2,coupe,0.008687168,,3.09507E+11
lexus,2,game,0.008687168,,3.09507E+11
Lincoln,1,lincoln,0.052244515,,3.09507E+11
Lincoln,1,design,0.03596915,,3.09507E+11
Lincoln,1,mkz,0.028983979,,3.09507E+11
Lincoln,1,concept,0.021737984,,3.09507E+11
Lincoln,1,max,0.016907321,,3.09507E+11
Lincoln,1,wolff,0.014491989,,3.09507E+11
Lincoln,1,read,0.014212367,,3.09507E+11
Lincoln,1,fans,0.012076658,,3.37364E+11
Lincoln,1,luxury,0.012076658,,3.37364E+11
Lincoln,1,vehicle,0.012076658,,3.37364E+11
Lincoln,1,experience,0.012076658,,3.37364E+11
Lincoln,2,lincoln,0.041468478,,3.37364E+11
Lincoln,2,tech,0.020316963,,3.37364E+11
Lincoln,2,series,0.018059581,,3.37364E+11
Lincoln,2,mks,0.015802131,,3.37364E+11
Lincoln,2,story,0.013544686,,3.37364E+11
Lincoln,2,2013,0.013544658,,3.37364E+11
Lincoln,2,click,0.012310188,,3.37364E+11
Lincoln,2,watch,0.011287238,,3.37364E+11
Lincoln,2,thermostat,0.011287238,,3.37364E+11
Lincoln,2,partnership,0.011286199,,3.37364E+11
LotusCars,1,lotus,0.036786952,,3.37364E+11
LotusCars,1,f1,0.024556379,,3.37364E+11
LotusCars,1,team,0.024308704,,3.37364E+11
LotusCars,1,car,0.02202367,,3.37364E+11
LotusCars,1,2012,0.016213195,,3.37364E+11
LotusCars,1,NA,0.013510996,,3.37364E+11
LotusCars,1,geneva,0.010808797,,3.39744E+11
LotusCars,1,world,0.010808797,,3.39744E+11
LotusCars,1,motor,0.008106598,,3.39744E+11
LotusCars,1,race,0.008106598,,3.39744E+11
LotusCars,2,lotus,0.027590632,,3.39744E+11
LotusCars,2,f1,0.022080109,,3.39744E+11
LotusCars,2,driver,0.013365081,,3.39744E+11
LotusCars,2,evora,0.013326153,,3.39744E+11
LotusCars,2,special,0.011137568,,3.39744E+11
LotusCars,2,race,0.011137568,,3.39744E+11
LotusCars,2,car,0.010802825,,3.39744E+11
LotusCars,2,racing,0.008910054,,3.39744E+11
LotusCars,2,club,0.008910054,,3.39744E+11
LotusCars,2,exige,0.008910054,,3.39744E+11
Maserati,1,maserati,0.058823529,,3.39744E+11
Maserati,1,sport,0.026143791,,3.39744E+11
Maserati,1,discover,0.026143791,,3.39744E+11
Maserati,1,mc,0.026143791,,3.39744E+11
Maserati,1,soldini,0.019607843,,3.39744E+11
Maserati,1,concept,0.019607843,,3.39744E+11
Maserati,1,record,0.019607843,,3.39744E+11
Maserati,1,characterized,0.013071895,,45839622981
Maserati,1,elegant,0.013071895,,45839622981
Maserati,1,granturismo,0.013071895,,45839622981
Maserati,1,increased,0.013071895,,45839622981
Maserati,1,nature,0.013071895,,45839622981
Maserati,1,performances,0.013071895,,45839622981
Maserati,1,restyling,0.013071895,,45839622981
Maserati,1,sporty,0.013071895,,45839622981
Maserati,1,stressing,0.013071895,,45839622981
Maserati,1,auto,0.013071895,,45839622981
Maserati,1,sneakers,0.013071895,,45839622981
Maserati,1,versions,0.013071895,,45839622981
Maserati,1,bahamas,0.013071895,,45839622981
Maserati,1,board,0.013071895,,45839622981
Maserati,1,completely,0.013071895,,45839622981
Maserati,1,crew,0.013071895,,45839622981
Maserati,1,engaged,0.013071895,,45839622981
Maserati,1,february,0.013071895,,45839622981
Maserati,1,holders,0.013071895,,45839622981
Maserati,1,overhauled,0.013071895,,45839622981
Maserati,1,seeking,0.013071895,,45839622981
Maserati,1,spain,0.013071895,,5353808700
Maserati,1,www.maserati.soldini.it,0.013071895,,5353808700
Maserati,1,north,0.013071895,,5353808700
Maserati,1,kubang,0.013071895,,5353808700
Maserati,2,maserati,0.045045045,,5353808700
Maserati,2,10,0.036036036,,5353808700
Maserati,2,NA,0.027027027,,5353808700
Maserati,2,salvador,0.018018018,,5353808700
Maserati,2,san,0.018018018,,5353808700
Maserati,2,opportunity,0.018018018,,5353808700
Maserati,2,exclusive,0.018018018,,5353808700
Maserati,2,59,0.018018018,,5353808700
Maserati,2,time,0.018018018,,5353808700
Maserati,2,damiani,0.018018018,,5353808700
Maserati,2,key,0.018018018,,5353808700
Maserati,2,ring,0.018018018,,5353808700
Maserati,2,sales,0.018018018,,5353808700
Mazda,1,mazda,0.067331911,,5353808700
Mazda,1,cx,0.017795897,,5353808700
Mazda,1,driving,0.014656316,,5353808700
Mazda,1,lorax,0.014656316,,5353808700
Mazda,1,mazda3,0.013027837,,5353808700
Mazda,1,seuss,0.013027837,,5353808700
Mazda,1,2012,0.011399357,,53855227667
Mazda,1,wall,0.011399073,,53855227667
Mazda,1,pic,0.010722921,,53855227667
Mazda,1,5,0.010211448,,53855227667
Mazda,2,mazda,0.02811381,,53855227667
Mazda,2,NA,0.025480536,,53855227667
Mazda,2,5,0.02027209,,53855227667
Mazda,2,car,0.015925335,,53855227667
Mazda,2,zoom,0.014546658,,53855227667
Mazda,2,cx,0.014447589,,53855227667
Mazda,2,2012,0.012740268,,53855227667
Mazda,2,awards,0.011147734,,53855227667
Mazda,2,racing,0.011147734,,53855227667
Mazda,2,performance,0.011147348,,53855227667
mercedesbenzusa,1,mercedes,0.031717551,,53855227667
mercedesbenzusa,1,benz,0.030403936,,53855227667
mercedesbenzusa,1,NA,0.018208323,,53855227667
mercedesbenzusa,1,amg,0.015569002,,53855227667
mercedesbenzusa,1,win,0.010404756,,53855227667
mercedesbenzusa,1,sls,0.009104162,,53855227667
mercedesbenzusa,1,star,0.009104162,,53855227667
mercedesbenzusa,1,style,0.009104162,,53855227667
mercedesbenzusa,1,fashion,0.00888496,,53855227667
mercedesbenzusa,1,video,0.007803567,,53855227667
mercedesbenzusa,2,benz,0.038239655,,53855227667
mercedesbenzusa,2,mercedes,0.03822792,,53855227667
mercedesbenzusa,2,sl,0.012893836,,53855227667
mercedesbenzusa,2,class,0.009377335,,53855227667
mercedesbenzusa,2,auto,0.008205168,,53855227667
mercedesbenzusa,2,drive,0.007033001,,53855227667
mercedesbenzusa,2,car,0.007033001,,58128939954
mercedesbenzusa,2,comments,0.007033001,,58128939954
mercedesbenzusa,2,week,0.006565831,,58128939954
mercedesbenzusa,2,amg,0.005895201,,58128939954
MINIUSA,1,mini,0.087049539,,58128939954
MINIUSA,1,2012,0.03238868,,58128939954
MINIUSA,1,NA,0.03238868,,58128939954
MINIUSA,1,world,0.021592453,,58128939954
MINIUSA,1,roadster,0.018039513,,58128939954
MINIUSA,1,jim,0.01619434,,58128939954
MINIUSA,1,route,0.01619434,,58128939954
MINIUSA,1,takes,0.01619434,,58128939954
MINIUSA,1,congratulations,0.013495283,,58128939954
MINIUSA,1,bull,0.013495283,,58128939954
MINIUSA,1,crashed,0.013495283,,58128939954
MINIUSA,1,ice,0.013495283,,58128939954
MINIUSA,1,red,0.013495283,,58128939954
MINIUSA,2,mini,0.112408665,,58128939954
MINIUSA,2,usa,0.022068955,,58128939954
MINIUSA,2,music,0.013793097,,58128939954
MINIUSA,2,motor,0.011034477,,62340276624
MINIUSA,2,photos,0.011034477,,62340276624
MINIUSA,2,day,0.008275858,,62340276624
MINIUSA,2,snow,0.008275858,,62340276624
MINIUSA,2,let’s,0.008275858,,62340276624
MINIUSA,2,united,0.008275858,,62340276624
MINIUSA,2,road,0.008275858,,62340276624
MINIUSA,2,love,0.008275858,,62340276624
MINIUSA,2,weekend,0.008275858,,62340276624
Mitsubishi,1,wheel,0.045652175,,62340276624
Mitsubishi,1,control,0.045652175,,62340276624
Mitsubishi,1,mitsubishi,0.044528804,,62340276624
Mitsubishi,1,outlander,0.03735178,,62340276624
Mitsubishi,1,check,0.026819064,,62340276624
Mitsubishi,1,lancer,0.024901186,,62340276624
Mitsubishi,1,haywire,0.024901186,,62340276624
Mitsubishi,1,storm,0.017414819,,62340276624
Mitsubishi,1,sport,0.016600791,,62340276624
Mitsubishi,1,carano,0.016600791,,62340276624
Mitsubishi,1,gina,0.016600791,,62340276624
Mitsubishi,2,auto,0.065443212,,62340276624
Mitsubishi,2,mitsubishi,0.048248659,,62340276624
Mitsubishi,2,NA,0.047264542,,62340276624
Mitsubishi,2,storm,0.021101284,,62340276624
Mitsubishi,2,stop,0.01817867,,62340276624
Mitsubishi,2,happy,0.01817867,,62340276624
Mitsubishi,2,ride,0.017515659,,62340276624
Mitsubishi,2,day,0.014542936,,62340276624
Mitsubishi,2,international,0.014542936,,62340276624
Mitsubishi,2,kansas,0.014542936,,62340276624
Mitsubishi,2,visiting,0.014542936,,62340276624
Mitsubishi,2,wrap,0.014542936,,62340276624
Nissan,1,nissan,0.053450748,,62340276624
Nissan,1,370z,0.020880226,,62340276624
Nissan,1,gt,0.018417007,,62340276624
Nissan,1,car,0.016241673,,62340276624
Nissan,1,auto,0.013912527,,62340276624
Nissan,1,check,0.013689059,,62340276624
Nissan,1,2012,0.012761314,,62340276624
Nissan,1,juke,0.012453641,,62340276624
Nissan,1,project,0.010441075,,62340276624
Nissan,1,concept,0.010074614,,62340276624
Nissan,2,nissan,0.080509973,,62340276624
Nissan,2,leaf,0.027707117,,62340276624
Nissan,2,pathfinder,0.023392528,,62340276624
Nissan,2,NA,0.016372387,,62340276624
Nissan,2,check,0.014105822,,62340276624
Nissan,2,concept,0.01299197,,62340276624
Nissan,2,watch,0.009967937,,62340276624
Nissan,2,video,0.009731312,,62340276624
Nissan,2,driving,0.008815901,,62340276624
Nissan,2,fatherhood,0.008815901,,62340276624
Pontiac,1,pontiac,0.137104584,,62340276624
Pontiac,1,car,0.029390467,,62340276624
Pontiac,1,NA,0.019593645,,62340276624
Pontiac,1,restoration,0.019593645,,62340276624
Pontiac,1,meet,0.019593645,,62340276624
Pontiac,1,garage,0.019593645,,62340276624
Pontiac,1,favorite,0.019593645,,62340276624
Pontiac,1,photos,0.019593645,,62340276624
Pontiac,1,post,0.019593645,,62340276624
Pontiac,1,firebird,0.019593645,,62340276624
Pontiac,2,car,0.056396739,,62340276624
Pontiac,2,it’s,0.042297555,,62340276624
Pontiac,2,kyle,0.042297555,,62340276624
Pontiac,2,firebird,0.02819837,,62340276624
Pontiac,2,dan,0.02819837,,62340276624
Pontiac,2,drive,0.02819837,,62340276624
Pontiac,2,fall,0.02819837,,62340276624
Pontiac,2,trans,0.02819837,,62340276624
Pontiac,2,post,0.014099185,,62340276624
Pontiac,2,photos,0.014099185,,62340276624
porsche,1,porsche,0.07518797,,62340276624
porsche,1,contest,0.037593985,,62340276624
porsche,1,daily,0.030075188,,62340276624
porsche,1,magic,0.030075188,,62340276624
porsche,1,director,0.022556391,,62340276624
porsche,1,24,0.015037594,,62340276624
porsche,1,rolex,0.015037594,,62340276624
porsche,1,models,0.015037594,,62340276624
porsche,1,2,0.015037594,,62340276624
porsche,1,anniversary,0.015037594,,62340276624
porsche,1,time,0.015037594,,62340276624
porsche,1,congrats,0.015037594,,62340276624
porsche,1,dreams,0.015037594,,62340276624
porsche,1,finalist,0.015037594,,62340276624
porsche,1,congratulations,0.015037594,,6942668302
porsche,1,life,0.015037594,,6942668302
porsche,2,NA,0.120253165,,6942668302
porsche,2,porsche,0.056962025,,6942668302
porsche,2,911,0.025316456,,6942668302
porsche,2,click,0.018987342,,6942668302
porsche,2,information,0.018987342,,6942668302
porsche,2,drive,0.018987342,,6942668302
porsche,2,cayman,0.012658228,,6942668302
porsche,2,macan,0.012658228,,6942668302
porsche,2,official,0.012658228,,6942668302
porsche,2,pinterest,0.012658228,,6942668302
porsche,2,coming,0.012658228,,6942668302
porsche,2,app,0.012658228,,6942668302
porsche,2,experience,0.012658228,,6942668302
porsche,2,carrera,0.012658228,,6942668302
ramtrucks,1,ram,0.067254148,,6942668302
ramtrucks,1,week,0.046897983,,6942668302
ramtrucks,1,fan,0.038003567,,6942668302
ramtrucks,1,check,0.029286495,,6942668302
ramtrucks,1,photo,0.023526018,,6942668302
ramtrucks,1,chance,0.019690194,,6942668302
ramtrucks,1,congratulations,0.019322633,,6942668302
ramtrucks,1,submit,0.018096937,,7037526514
ramtrucks,1,truck,0.016415267,,7037526514
ramtrucks,1,edition,0.016287243,,7037526514
ramtrucks,2,ram,0.05258615,,7037526514
ramtrucks,2,day,0.019820941,,7037526514
ramtrucks,2,haul,0.019820941,,7037526514
ramtrucks,2,win,0.016517451,,7037526514
ramtrucks,2,chance,0.015063252,,7037526514
ramtrucks,2,1500,0.014811987,,7037526514
ramtrucks,2,click,0.013213961,,7037526514
ramtrucks,2,prizes,0.013213961,,7037526514
ramtrucks,2,truck,0.013097111,,7037526514
ramtrucks,2,dan,0.011562216,,7037526514
ramtrucks,2,giveaway,0.011562216,,7037526514
ramtrucks,2,patrick,0.011562216,,7037526514
ramtrucks,2,play,0.011562216,,7037526514
rollsroycemotorcars,1,royce,0.051127375,,7037526514
rollsroycemotorcars,1,rolls,0.050972942,,7037526514
rollsroycemotorcars,1,motor,0.033736515,,7037526514
rollsroycemotorcars,1,cars,0.027602604,,7037526514
rollsroycemotorcars,1,apprenticeship,0.01533478,,71519223752
rollsroycemotorcars,1,industry,0.01533478,,71519223752
rollsroycemotorcars,1,manufacturing,0.012267824,,71519223752
rollsroycemotorcars,1,skills,0.012267824,,71519223752
rollsroycemotorcars,1,comment,0.012267824,,71519223752
rollsroycemotorcars,1,phantom,0.012267824,,71519223752
rollsroycemotorcars,2,NA,0.06233287,,71519223752
rollsroycemotorcars,2,competition,0.031166435,,71519223752
rollsroycemotorcars,2,spirit,0.02549981,,71519223752
rollsroycemotorcars,2,ecstasy,0.022666498,,71519223752
rollsroycemotorcars,2,rankin,0.022666498,,71519223752
rollsroycemotorcars,2,bespoke,0.022666498,,71519223752
rollsroycemotorcars,2,rolls,0.015243096,,71519223752
rollsroycemotorcars,2,phantom,0.014166561,,71519223752
rollsroycemotorcars,2,_284948858218284,0.014166561,,71519223752
rollsroycemotorcars,2,royce,0.012267116,,71519223752
Saab,1,bankruptcy,0.22790953,,71519223752
Saab,1,ab,0.226677201,,71519223752
Saab,1,affected,0.199765726,,71519223752
Saab,1,saab,0.174057124,,71519223752
Saab,1,information,0.171590419,,71519223752
Saab,2,information,0.228411127,,7346304223
Saab,2,saab,0.225944287,,7346304223
Saab,2,affected,0.200234286,,7346304223
Saab,2,ab,0.173321348,,7346304223
Saab,2,bankruptcy,0.172088952,,7346304223
saturn,1,saturn,0.147058824,,7346304223
saturn,1,series,0.088235294,,7346304223
saturn,1,winter,0.029411765,,7346304223
saturn,1,meet,0.029411765,,7346304223
saturn,1,fans,0.029411765,,7346304223
saturn,1,story,0.029411765,,7346304223
saturn,1,clean,0.014705882,,7346304223
saturn,1,exterior,0.014705882,,7346304223
saturn,1,interior,0.014705882,,7346304223
saturn,1,lazy,0.014705882,,7346304223
saturn,1,ride,0.014705882,,7346304223
saturn,1,road,0.014705882,,7346304223
saturn,1,salt,0.014705882,,7346304223
saturn,1,stays,0.014705882,,7346304223
saturn,1,wash,0.014705882,,7346304223
saturn,1,favorite,0.014705882,,75764238259
saturn,1,features,0.014705882,,75764238259
saturn,1,hearing,0.014705882,,75764238259
saturn,1,month,0.014705882,,75764238259
saturn,1,page,0.014705882,,75764238259
saturn,1,2000,0.014705882,,75764238259
saturn,1,engine,0.014705882,,75764238259
saturn,1,europe,0.014705882,,75764238259
saturn,1,gallery,0.014705882,,75764238259
saturn,1,introduced,0.014705882,,75764238259
saturn,1,opel,0.014705882,,75764238259
saturn,1,owned,0.014705882,,75764238259
saturn,1,picture,0.014705882,,75764238259
saturn,1,platform,0.014705882,,75764238259
saturn,1,produced,0.014705882,,75764238259
saturn,1,shared,0.014705882,,75764238259
saturn,1,upload,0.014705882,,75764238259
saturn,1,vectra,0.014705882,,75764238259
saturn,1,wall,0.014705882,,75764238259
saturn,1,killer,0.014705882,,75764238259
saturn,1,sound,0.014705882,,7737305975
saturn,1,system,0.014705882,,7737305975
saturn,1,address,0.014705882,,7737305975
saturn,1,club,0.014705882,,7737305975
saturn,1,web,0.014705882,,7737305975
saturn,1,commute,0.014705882,,7737305975
saturn,1,day,0.014705882,,7737305975
saturn,1,school,0.014705882,,7737305975
saturn,1,driving,0.014705882,,7737305975
saturn,1,funniest,0.014705882,,7737305975
saturn,1,scariest,0.014705882,,7737305975
saturn,1,share,0.014705882,,7737305975
saturn,1,miles,0.014705882,,7737305975
saturn,1,happy,0.014705882,,7737305975
saturn,1,plan,0.014705882,,7737305975
saturn,2,saturn,0.093023256,,7737305975
saturn,2,odometer,0.046511628,,7737305975
saturn,2,photo,0.046511628,,7737305975
saturn,2,reading,0.046511628,,7737305975
saturn,2,shannon,0.046511628,,7737305975
saturn,2,car,0.023255814,,77589292295
saturn,2,comment,0.023255814,,77589292295
saturn,2,dancer,0.023255814,,77589292295
saturn,2,dashboard,0.023255814,,77589292295
saturn,2,dust,0.023255814,,77589292295
saturn,2,empty,0.023255814,,77589292295
saturn,2,fast,0.023255814,,77589292295
saturn,2,food,0.023255814,,77589292295
saturn,2,grass,0.023255814,,77589292295
saturn,2,hula,0.023255814,,77589292295
saturn,2,section,0.023255814,,77589292295
saturn,2,skirt,0.023255814,,77589292295
saturn,2,wrappers,0.023255814,,77589292295
saturn,2,check,0.023255814,,77589292295
saturn,2,don’t,0.023255814,,77589292295
saturn,2,fine,0.023255814,,77589292295
saturn,2,makeover,0.023255814,,77589292295
saturn,2,mighty,0.023255814,,77589292295
saturn,2,website,0.023255814,,77589292295
saturn,2,word,0.023255814,,77589292295
saturn,2,1995,0.023255814,,77589292295
saturn,2,"420,265",0.023255814,,77589292295
saturn,2,awhile,0.023255814,,77589292295
saturn,2,chicago,0.023255814,,80308118792
saturn,2,miles,0.023255814,,80308118792
saturn,2,photos,0.023255814,,80308118792
saturn,2,post,0.023255814,,80308118792
saturn,2,posted,0.023255814,,80308118792
saturn,2,retouching,0.023255814,,80308118792
saturn,2,running,0.023255814,,80308118792
saturn,2,sl,0.023255814,,80308118792
scion,1,scion,0.077656539,,80308118792
scion,1,fr,0.056414938,,80308118792
scion,1,86,0.024967931,,80308118792
scion,1,program,0.014626098,,80308118792
scion,1,commercial,0.014626098,,80308118792
scion,1,details,0.012536655,,80308118792
scion,1,scenes,0.010447213,,80308118792
scion,1,racing,0.010447213,,80308118792
scion,1,chance,0.010447213,,80308118792
scion,1,twitter,0.009417832,,80308118792
scion,2,scion,0.054258601,,80308118792
scion,2,iq,0.049701364,,80308118792
scion,2,2012,0.028210725,,8285708220
scion,2,auto,0.017394846,,8285708220
scion,2,north,0.01490773,,8285708220
scion,2,international,0.014906774,,8285708220
scion,2,american,0.014896206,,8285708220
scion,2,check,0.009940273,,8285708220
scion,2,updates,0.009580483,,8285708220
scion,2,cars,0.007455205,,8285708220
smartusa,1,smart,0.107043456,,8285708220
smartusa,1,car,0.038164698,,8285708220
smartusa,1,NA,0.019649772,,8285708220
smartusa,1,day,0.016842662,,8285708220
smartusa,1,time,0.016842662,,8285708220
smartusa,1,mpg,0.014035552,,8285708220
smartusa,1,unbig,0.011228441,,8285708220
smartusa,1,check,0.009352732,,8285708220
smartusa,1,drivers,0.008421331,,8285708220
smartusa,1,fit,0.008421331,,8285708220
smartusa,1,park,0.008421331,,8285708220
smartusa,1,smarts,0.008421331,,8285708220
smartusa,1,travel,0.008421331,,8285708220
smartusa,1,life,0.008421331,,8285708220
smartusa,1,unboring,0.008421331,,8285708220
smartusa,2,smart,0.113014028,,8285708220
smartusa,2,untestdrive,0.028347743,,8285708220
smartusa,2,event,0.025512969,,85299287409
smartusa,2,auto,0.01984342,,85299287409
smartusa,2,car,0.018154676,,85299287409
smartusa,2,photos,0.017008646,,85299287409
smartusa,2,booth,0.014173871,,85299287409
smartusa,2,key,0.014173871,,85299287409
smartusa,2,stop,0.014173871,,85299287409
smartusa,2,weekend,0.013776021,,85299287409
subaruofamerica,1,subaru,0.031570238,,85299287409
subaruofamerica,1,day,0.020394316,,85299287409
subaruofamerica,1,rally,0.013297545,,85299287409
subaruofamerica,1,check,0.012986615,,85299287409
subaruofamerica,1,love,0.012285048,,85299287409
subaruofamerica,1,brz,0.009213786,,85299287409
subaruofamerica,1,auto,0.007166278,,85299287409
subaruofamerica,1,comments,0.007166278,,85299287409
subaruofamerica,1,david,0.007166278,,85299287409
subaruofamerica,1,2012,0.007166278,,85299287409
subaruofamerica,2,subaru,0.041059898,,85299287409
subaruofamerica,2,NA,0.0323439,,85299287409
subaruofamerica,2,dog,0.026636153,,88764041239
subaruofamerica,2,mountain,0.016160542,,88764041239
subaruofamerica,2,check,0.012666168,,88764041239
subaruofamerica,2,car,0.012027138,,88764041239
subaruofamerica,2,resort,0.010463528,,88764041239
subaruofamerica,2,master,0.010377865,,88764041239
subaruofamerica,2,share,0.008561621,,88764041239
subaruofamerica,2,story,0.008561621,,88764041239
SuzukiAuto,1,suzuki,0.060188541,,88764041239
SuzukiAuto,1,game,0.043017869,,88764041239
SuzukiAuto,1,sled,0.038238106,,88764041239
SuzukiAuto,1,ad,0.036957821,,88764041239
SuzukiAuto,1,bowl,0.025998572,,88764041239
SuzukiAuto,1,super,0.025997309,,88764041239
SuzukiAuto,1,car,0.023898816,,88764041239
SuzukiAuto,1,kizashi,0.023898816,,88764041239
SuzukiAuto,1,day,0.019119053,,88764041239
SuzukiAuto,1,check,0.01433929,,88764041239
SuzukiAuto,2,auto,0.032338979,,88764041239
SuzukiAuto,2,super,0.030423584,,88764041239
SuzukiAuto,2,bowl,0.030422137,,90671958533
SuzukiAuto,2,giveaway,0.02188368,,90671958533
SuzukiAuto,2,suzuki,0.018642878,,90671958533
SuzukiAuto,2,quote,0.01641276,,90671958533
SuzukiAuto,2,check,0.01641276,,90671958533
SuzukiAuto,2,game,0.01641276,,90671958533
SuzukiAuto,2,caption,0.01641276,,90671958533
SuzukiAuto,2,ad,0.012407255,,90671958533
toyota,1,toyota,0.023206944,,90671958533
toyota,1,camry,0.023192419,,90671958533
toyota,1,2012,0.017690289,,90671958533
toyota,1,check,0.014851106,,90671958533
toyota,1,team,0.011880885,,90671958533
toyota,1,watch,0.010232412,,90671958533
toyota,1,reinvented,0.009879594,,90671958533
toyota,1,cars,0.009553164,,90671958533
toyota,1,day,0.00792059,,90671958533
toyota,1,100,0.007809789,,90671958533
toyota,2,toyota,0.044744727,,90671958533
toyota,2,camry,0.027058191,,90671958533
toyota,2,car,0.012389663,,95690769922
toyota,2,u.s,0.010250477,,95690769922
toyota,2,2012,0.009851864,,95690769922
toyota,2,story,0.00904118,,95690769922
toyota,2,ryan,0.008849759,,95690769922
toyota,2,kentucky,0.008849759,,95690769922
toyota,2,effect,0.008707953,,95690769922
toyota,2,NA,0.007079807,,95690769922
VolvocarsUS,1,volvo,0.031508839,,95690769922
VolvocarsUS,1,car,0.023451873,,95690769922
VolvocarsUS,1,hybrid,0.018761498,,95690769922
VolvocarsUS,1,concept,0.016416311,,95690769922
VolvocarsUS,1,s60,0.016416311,,95690769922
VolvocarsUS,1,xc60,0.014071124,,95690769922
VolvocarsUS,1,inside,0.014071124,,95690769922
VolvocarsUS,1,plug,0.014071124,,95690769922
VolvocarsUS,1,design,0.014071085,,95690769922
VolvocarsUS,1,facebook,0.014049497,,95690769922
VolvocarsUS,2,volvo,0.073543909,,95690769922
VolvocarsUS,2,NA,0.036092846,,95690769922
VolvocarsUS,2,exciting,0.013631776,,95690769922
VolvocarsUS,2,xc,0.012030949,,96585976469
VolvocarsUS,2,detroit,0.012030949,,96585976469
VolvocarsUS,2,amazing,0.012030949,,96585976469
VolvocarsUS,2,oasis,0.012030949,,96585976469
VolvocarsUS,2,rio,0.012030949,,96585976469
VolvocarsUS,2,win,0.012030949,,96585976469
VolvocarsUS,2,de,0.009624759,,96585976469
VolvocarsUS,2,trip,0.009624759,,96585976469
VW,1,vw,0.036019349,,96585976469
VW,1,game,0.028383148,,96585976469
VW,1,commercial,0.016533309,,96585976469
VW,1,volkswagen,0.016030249,,96585976469
VW,1,fans,0.014779037,,96585976469
VW,1,golf,0.014273369,,96585976469
VW,1,day,0.013131749,,96585976469
VW,1,auto,0.011688688,,96585976469
VW,1,safety,0.009919985,,96585976469
VW,1,NA,0.009919985,,96585976469
VW,2,vw,0.051414141,,96585976469
VW,2,auto,0.020838339,,96585976469
VW,2,2012,0.017572078,,96585976469
VW,2,game,0.013536909,,96585976469
VW,2,passat,0.012260654,,96585976469
VW,2,car,0.012179197,,96585976469
VW,2,fan,0.012116291,,96585976469
VW,2,check,0.012065473,,96585976469
VW,2,photos,0.011238933,,96585976469
VW,2,post,0.010841753,,96585976469